이름,서브카테고리,평점,리뷰수,주소,위도,경도,전화번호,메뉴,영업시간
서관면옥 교대본점,냉면,4.1,455,"서울 서초구 서초대로56길 11 1층
(지번) 서초동 1675-5",37.49399079,127.0172694,02-521-9945,"평양냉면 (16,000원), 선비냉면 (16,000원), 골동냉면 (16,000원), 맛박이냉면 (18,000원), 랭반 (17,000원), 서관면상 (점심특선) (18,000원), 한우수육 (35,000원), 돝제육 (21,000원), 서관만두 (13,000원), 녹두빈대떡 (19,000원), 어복쟁반 (작은반) (80,000원)",영업시간 매일 11:00 ~ 21:00 · 휴게시간 매일 15:00 ~ 17:00
배나무골 양재본점,한식,4,12,"서울 서초구 마방로2길 12 보성빌딩 지하1층
(지번) 양재동 241-3",37.47309452,127.0391299,02-571-5252,"배나무골정식 (23,000원), 보리굴비정식 (26,000원), 연화코스 (49,000원), 오봉코스 (60,000원)",영업시간 월~토 11:30 ~ 21:30 · 휴게시간 월~금 15:00 ~ 17:00
조양관,한정식,3,625,"서울 서초구 서초대로74길 29 서초파라곤오피스텔 1층, 지하1층
(지번) 서초동 1327-29",37.49494259,127.0274263,02-3473-8181,"갈비찜 (대) (50,000원), 갈비찜 (소) (30,000원), 대하구이 (40,000원), 더덕 오징어 구이 (25,000원), 떡갈비 (30,000원), 메로구이 (30,000원), 모듬회 (50,000원), 문어숙회와 해조찜 (40,000원), 바싹 불고기 (25,000원), 보리굴비찜 (20,000원), 복분자 장어구이 (65,000원), 삼합 (대) (50,000원), 삼합 (소) (30,000원), 상견례 특선 (50,000원), 구절판 (0원), 삼합 (0원), 상차림 양(陽) (0원), 상차림 (0원), 상차림 관(館) (0원), 상차림 조(朝) (0원)",영업시간 월~금 11:20 ~ 21:30 · 휴게시간 월~토 15:00 ~ 17:20
초선과여포 본점,중국요리,4,206,"서울 서초구 서초대로78길 44 2층
(지번) 서초동 1330-16",37.49380708,127.0284524,02-525-9890,"짜장면 (8,000원), 삼선볶음밥 (9,500원), 레몬꿔바로우(소) (31,000원), 생등심 찹쌀등심탕수육(소) (27,000원), 생등심 찹쌀등심탕수육(중) (32,000원), 소고기 탕수육(소) (41,000원), 사천탕수육 (36,000원), 어항동구 (48,000원), 전가복 (78,000원), 칠리중새우 (45,000원)",영업시간 월~금 11:00 ~ 21:40 · 휴게시간 월~금 15:00 ~ 17:00
봉산옥 서초동본점,한식,3.6,205,"서울 서초구 반포대로8길 5-6 1층
(지번) 서초동 1451-8",37.48338221,127.0124534,02-525-2282,"봉산만둣국 (14,000원), 김치말이국수 (냉) (13,000원), 열무회국수 (13,000원), 삯국수 (12,000원), 양푼열무비빔밥 (10,000원), 접시만두 (14,000원), 오징어순대 (28,000원), 녹두빈대떡 (22,000원), 만두전골 (대) (55,000원), 만두전골 (소) (45,000원), 궁중갈비찜 (1인) (30,000원), 매운갈비찜 (1인) (30,000원), 소고기전 (18,000원)",영업시간 월~금 11:00 ~ 21:20 · 휴게시간 월~토 14:30 ~ 17:00
초동집 본점,"육류,고기",4,172,"서울 서초구 방배천로 22 1층
(지번) 방배동 452-4",37.47846869,126.9828518,02-585-2722,"삼겹살(150g) (16,000원), 제비추리(130g) (37,000원), 차돌박이(130g) (27,000원), 토시살(150g) (49,000원), 돼지갈비(250g) (18,000원), 돼지모듬(600g) (55,000원), 한우등심(150g) (38,000원), 살치살(130g) (46,000원), 한우육회(180g) (33,000원), 한우모듬(350g) (69,000원), 고급한우모듬(400g) (125,000원)",월~금 09:00 ~ 22:00
신사고집,삼겹살,4.3,28,"서울 서초구 나루터로 70 영서빌딩 1층 101호
(지번) 잠원동 19-5",37.51535293,127.0177516,02-3443-8292,"삼겹살 (200g) (18,000원), 목살 (200g) (18,000원), 가브리살 (150g) (18,000원), 항정살 (150g) (19,000원), 갈매기살 (150g) (18,000원), A set (56,000원), B set (62,000원), 해물된장찌개 (8,000원), 열무냉면 (7,000원), 고집쫄면 (6,000원), 날치알 철판볶음밥 2人 (11,000원), 치즈사리 추가 (1,000원)",영업시간 월~금 16:00 ~ 23:00
프로간장게장 신사본점,"게,대게",3.3,55,"서울 서초구 강남대로97길 7 2층
(지번) 잠원동 27-1",37.51457803,127.0191686,02-543-4126,"간장게장 (암게)(중) (92,000원), 양념게장 (암게)(중) (96,000원), 반반게장 (암게)(중) (95,000원), 꽃게범벅 (93,000원), 꽃게탕 (소) (90,000원), 꽃게찜 (85,000원), 게알비빔밥 (28,000원), 매운게알비빔밥 (30,000원)",영업시간 매일 10:00 ~ 23:00
모범갈빗살 강남역본점,"육류,고기",4.4,160,"서울 서초구 서초대로73길 40 1층 104호
(지번) 서초동 1308-25",37.50092725,127.0245579,02-533-2588,"한우 생특갈빗살 (100g) (25,000원), 한우뭉티기 (화수목 한정) (38,000원), 한우 양념특갈빗살 (100g) (25,000원), 한우 육회 (150g) (33,000원), 시골된장죽 (7,000원), 빠다밥과 즉석장조림 (7,000원)",영업시간 매일 11:30 ~ 22:00 · 휴게시간 매일 14:30 ~ 17:00
장꼬방,디저트카페,4.4,287,"서울 서초구 강남대로61길 27 1층
(지번) 서초동 1316",37.49833603,127.023794,02-597-5511,"찹쌀떡 (2,100원), 쑥 찹쌀떡 (2,500원), 팥빙수 (11,000원), 단팥죽 (9,000원), 빙수용 조림팥 ( 500g ) (9,000원), 미숫가루 ( 800g ) (17,000원), 찹쌀떡 ( 10 개입 ) (21,000원), 쑥 찹쌀떡 ( 10 개입 ) (25,000원)",매일 09:00 ~ 22:00
청류벽,국수,3.2,487,"서울 서초구 서초대로74길 29 1층 105호
(지번) 서초동 1327-29",37.49494259,127.0274263,02-2055-1191,"제복쟁반 (88,000원), 보쌈 (소) (50,000원), 양지온반 (14,000원), 육개장 (12,000원), 들기름막국수 (12,000원), 물막국수 (12,000원), 비빔막국수 (12,000원), 감자전 (12,000원), 늙은호박전 (9,000원), 군만두(겨울) (12,000원), 떡만두국(계절) (12,000원), 만두국(계절) (12,000원), 보쌈(대) (60,000원), 보쌈(소) (50,000원), 고기완자전 (12,000원)",영업시간 월~금 11:00 ~ 21:30
버드나무집 서초본점,"육류,고기",3.5,63,"서울 서초구 효령로 434 1층
(지번) 서초동 1340-5",37.48910592,127.0312045,02-3473-4167,"양념갈비 (200g)(1대) (85,000원), 주물럭 (120g) (85,000원), 등심 (130g) (88,000원), 물냉면 (15,000원), 비빔냉면 (15,000원), 생갈비 (200g)(1대) (120,000원), 안창살(130g) (88,000원), 육회(130g) (53,000원), 갈비정식(120g) (43,000원), 간장게장 (69,000원), 게장정식 (45,000원), 갈비탕 (32,000원), 소고기국밥 (15,000원), 비빔밥 (18,000원), 육회비빔밥 (30,000원), 물맛냉면 (9,000원), 비빔맛냉면 (9,000원)",영업시간 매일 11:00 ~ 21:30
밴건디스테이크하우스,"스테이크,립",4.5,494,"서울 서초구 사평대로22길 5 1층
(지번) 반포동 94-14",37.49934248,126.9977388,02-595-6062,"통베이컨 로메인 시지 (22,000원), 찌즐링 통베이컨 (12,000원), 점보 새우 구이 (12,000원), 모시,바지락,오일 스파게티 (22,000원), 통새우,아스파라거,날치알,오일 스파게티 (22,000원)",영업시간 매일 11:30 ~ 22:00 · 휴게시간 매일 15:00 ~ 17:30
어다미,"해물,생선",4.1,159,"서울 서초구 서초대로 279
(지번) 서초동 1716-8",37.49348137,127.0121361,02-533-4916,"인기 고등어구이만제공 (14,000원), 삼치구이국내산반마리 공기밥 (16,000원), 임면수반마리공기밥1 (15,000원), 오징어 볶음 도시락 (19,000원), 가오리양념찜 공기밥 1 (20,000원), 고니＋알탕+밥 (16,000원), 곤이＋알탕만제공 (15,000원), 통태＋알탕 공기밥 (16,000원), 알고니탕곱빼기 (22,000원), 은갈치조림320g내외2마리 공기2개 (38,000원), 모듬구이4가지만제공 와사비간장포함 (45,000원), 주도로 220g내외 (43,000원), 문어숙회270g내외 (35,000원), 제주은갈치조림공기2개600g내외 (63,000원), 고등어 반마리공기밥1 (10,000원), 고등어 반만제공 (9,000원), 봄도다리쑥국 공기밥 1 (25,000원), 생물청어구이 공기밥 포함 (16,000원), 꽁치구이 대만산 공기밥1 (14,000원), 꽁치구이만제공 (13,000원), 양미리구이6마리 국내산 공기밥 1 (13,000원), 우럭소금구이공기밥1 (20,000원), 우럭구이만제공 (19,000원), 우럭반마리공기밥1 (11,000원), 우럭반마리만제공 (10,000원), 우럭양념구이공기1 (21,000원), 제주은갈치구이국내산 공기밥1 （300g내외) (17,000원), 제주은갈치 구이만（300g내외) (16,000원), 명품특한마리1공기밥 (28,000원), 임면수반마리만제공 (14,000원)",월~금 09:00 ~ 23:30 · 휴게시간 월~금 15:00 ~ 17:00
탐라도야지,"육류,고기",3.3,416,"서울 서초구 서초대로50길 82 정원빌딩 1층
(지번) 서초동 1566-8",37.48959508,127.0135612,0507-1399-3337,"(小) 숙성삼겹만500g (26,500원), 숙성삼겹살 2인 500g (34,000원), 직화수제돼지갈비 2인 600g (34,000원), 된장찌개/해물 차돌맛/ +공기밥포함 (9,000원), 비빔막국수(100%메밀막국수) (10,000원), (中) 숙성삼겹만700g (35,000원), 직화(소) 갈비만600g (26,500원), 소 항정살만500g (33,000원), 돼지갈비350g추가 (19,000원), 항정살2인500g (42,000원), (大) 숙성삼겹만1000g (44,000원), 직화(즁) 갈비만850g (35,000원), 직화(대) 갈비만1200g (44,000원), 중 항정살만700g (43,000원), 대 항정살만1000g (52,900원), 고기100g 추가 (8,000원), 고기200g 추가 (14,500원), 항정살200g추가 (19,000원), 삼겹살300g추가 (19,000원), 항정살300g추가 (26,000원), 비법양념된장만(460g) (12,000원), 물냉면 (9,000원), 비빔냉면 (9,000원), 제육볶음(공기밥포함) (9,500원), 내장탕(공기밥포함) (9,500원), 파절이추가 (2,000원), 도토리묵+양념장 (4,000원), 도토리묵사발 (4,000원), 볶음김치 (2,000원), 야채추가 (2,000원)",매일 00:00 ~ 24:00
통나무집,"육류,고기",3.3,44,"서울 서초구 헌인릉길 9
(지번) 내곡동 1-2670",37.46186838,127.0817544,02-445-0662,"꽃등심 (150g) (41,000원), 살치살 (150g) (43,000원), 갈비살 (150g) (39,000원), 치마살 (150g) (45,000원), 안창살 (150g) (55,000원)",영업시간 매일 11:30 ~ 22:00 · 휴게시간 매일 15:00 ~ 17:00
강촌원조쭈꾸미 본점,"해물,생선",3.2,113,"서울 서초구 남부순환로350길 36 1층
(지번) 양재동 13-9",37.48329443,127.0362154,02-575-4458,"산쭈꾸미철판볶음 (1인) (2인이상) (32,000원), 생물쭈꾸미철판볶음 (1인) (2인이상) (28,000원), 쭈꾸미철판볶음 (1인) (2인이상) (18,000원), 쭈꾸미삼겹철판볶음 (1인) (2인이상) (18,000원), 산낙지철판볶음 (1인) (2인이상) (32,000원), 낙지철판볶음 (1인) (2인이상) (20,000원), 삼겹살 (200g) (2인이상) (18,000원), 해물탕 (대) (80,000원), 해물탕 (중) (70,000원), 생태탕 (1인) (20,000원), 산낙지회 (30,000원), [점심메뉴] 오징어덮밥 (11,000원), [점심메뉴] 제육볶음 (11,000원), [점심메뉴] 동태찌개 (11,000원), [점심메뉴] 순두부찌개 (10,000원), 연포탕(1인) (32,000원), 볶음밥 (2,000원)",영업시간 월~토 11:00 ~ 23:00
영동설렁탕,설렁탕,3.6,592,"서울 서초구 강남대로101안길 24 1층
(지번) 잠원동 10-53",37.51615299,127.0173661,02-543-4716,메뉴 없음,매일 00:00 ~ 24:00 · 휴게시간 매일 15:00 ~ 17:00
미국식 방배본점,햄버거,4.2,329,"서울 서초구 서초대로29길 17-2 서전1 1층
(지번) 방배동 877-24",37.48914454,126.9951142,010-9940-5920,"Bust burger (12,900원), tater tots (4,900원), beef cheese tater tots (7,500원)",영업시간 월~토 11:30 ~ 21:00 · 휴게시간 월~토 15:00 ~ 17:30
해몽,갈비,4.3,326,"서울 서초구 사평대로56길 8 양정빌딩 2층 가호
(지번) 서초동 1302-45",37.50323587,127.0229175,02-515-6080,"등갈비 (1,900원), 목살(300g) (28,000원), 항정살(180g) (16,000원), 등갈비(300g) (19,000원), 김치찌개 (8,000원), 고추장찌개 (10,000원), 냄비비빔밥 (5,000원), 라면 (4,000원)",영업시간 월~금 16:00 ~ 24:00
수타우동겐,"돈까스,우동",3.4,229,"서울 서초구 서초대로 327 1층
(지번) 서초동 1690-3",37.49502776,127.017275,02-599-5545,"돈까스카레우동 (16,000원), 덴뿌라카레우동 (15,000원), 가라아게카레우동 (14,000원), 카레우동 (12,000원), 가라아게붓가께 (12,500원), 덴뿌라붓가께 (13,500원), 소고기붓가께 (14,500원), 찌꾸다마붓가께 (13,500원), 명란붓가께 (14,500원), 새우크림 우동 (16,000원), 베이컨크림 우동 (16,000원), 명란크림 우동 (17,000원)",영업시간 매일 11:00 ~ 21:00 · 휴게시간 매일 15:00 ~ 17:00
도셰프,이탈리안,4.3,276,"서울 서초구 강남대로89길 14
(지번) 반포동 707-8",37.50945648,127.0211069,02-541-1117,"디아볼라 (24,000원), 감베리 크레마 (19,500원), 버팔로 뽀모도로 (21,000원), 봉골레 비앙코 (23,000원), 오르조 리조또 (23,000원), 고르곤졸라 (22,000원), 마르게리타 (24,500원), 프리마베라 (26,500원), 감베리 (25,000원), 카프리쵸사 (26,500원), 콰트로 풍기 (25,000원), 홍합 나티보 (19,000원), 카프레제 (17,000원), 감베리 풍기 샐러드 (18,500원), 시저샐러드 (17,500원), 판체타 (23,000원), 감베리 루꼴라 (23,500원)",영업시간 매일 11:30 ~ 22:00
비스트로누,이탈리안,4.3,256,"서울 서초구 사평대로26길 26-6 3층
(지번) 반포동 92-7",37.49909364,126.9987531,02-537-5123,"야생루꼴라&프로슈토 피자 (27,000원), 부라타치즈 마르게리따 (27,000원), 네가지 버섯이 들어간 리조또 (25,000원), 봉골레 (25,000원), 킹프라운 로제 파스타 (26,000원), 오징어 먹물 리조또 (26,000원), 한우 안심 스테이크（150g） (65,000원), 부라타치즈 마르게리타 (27,000원), 비프 토마토 파스타 (24,000원), 트러플 오일 맛을 낸 버섯 샐러드 (19,000원), 쉬림프 샐러드 (20,000원), 야생루꼴라&프로슈토 (23,000원), 부라타치즈&바질페스토 (10,000원), 문어 (28,000원), 관자 (28,000원), 한우 채끝등심 스테이크（180g） (65,000원), 네가지 버섯이 들어간 리조또 (25,000원), 해산물 토마토 리조또 (25,000원), 머쉬룸 고르곤졸라 피자 (23,000원), 포테이토 베이컨피자 (22,000원), 야생루꼴라&프로슈토피자 (27,000원), 스모크 치즈 갈릭 피자 (24,000원), 알리오올리오 (21,000원), 봉골레 (25,000원), 킹프라운 상하이 파스타 (26,000원), 푸짐한 해산물이 들어간 파스타 (26,000원), 담백한 크림 베이컨 (24,000원), 할라피뇨가 들어간 스파이시 비프 크림 (26,000원), 킹프라운 로제 파스타 (26,000원), 차돌박이 미소 크림 (26,000원)",영업시간 월~목 11:00 ~ 21:50 · 휴게시간 월~금 14:50 ~ 17:00
남미플랜트랩,양식,4.3,462,"서울 서초구 방배천로4안길 55 2층
(지번) 방배동 455-20",37.48060937,126.9832304,02-522-1276,"치즈야채피자 (19,000원), 파스타베르데 (16,000원), 후무스피자 (18,000원), 불고기피자 (18,000원), 감자웨지 (9,000원), 깻잎페스토리조또 (18,000원), 트러플버섯리조또 (18,000원), 하이볼&칵테일 (10,000원), 그릴드 베지터블 (14,000원), 스피니치크림 라자냐 (19,000원), 풍기 포르마지 파스타 (16,000원), 알리오올리오스파게티 (15,000원), 남미토마토페투치네 (15,000원), 마르게리따피자 (18,000원), 오렌지카르파초샐러드 (15,000원), 후무스플래터 (12,000원)",영업시간 매일 12:00 ~ 21:00 · 휴게시간 매일 16:00 ~ 17:30
헬무트,카페,3.7,227,"서울 서초구 방배천로6길 3-10 1층
(지번) 방배동 453-22",37.47988806,126.9828722,070-7776-3748,"마피아(M) (6,500원), 아메리카노 (5,500원), 플랫화이트 (6,000원), 카카오블랑 (7,000원), 생자몽 주스 (7,000원), 누아블랑 (6,000원), 블랙케인 (6,500원), 더치커피 (6,500원), 쇼콜라라떼 (7,000원), 자몽티 (7,000원), 자몽에이드 (7,000원), 거봉녹차 (7,000원), 히비스커스베리차 (7,000원), 히비스커스에이드 (7,000원), 더치원액 (16,000원), 나라별원두 (14,000원)",영업시간 월~금 11:30 ~ 22:00
진미식당,한식,3.4,34,"서울 서초구 강남대로83길 18 1층
(지번) 반포동 735-34",37.50635949,127.022374,02-548-5870,메뉴 없음,"월~금 04:00 ~ 21:00 · 휴게시간 월,화,수,목,금,일 15:00 ~ 17:00"
다피타,이탈리안,3.5,64,"서울 서초구 효령로 202 1층
(지번) 서초동 1487-3",37.48283885,127.0064189,02-523-5147,"깔라마리 크림 (21,000원), 알리오 올리오 (19,000원), 포르치니 바질크림 (24,000원), 명란크림파스타 (24,000원), 마르게리따 (21,000원)",영업시간 매일 11:30 ~ 22:00
성민양꼬치,양꼬치,4,149,"서울 서초구 방배천로2길 27
(지번) 방배동 449-4",37.47704081,126.9843819,02-583-8859,"마파두부 (12,000원), 지삼선 (15,000원), 가지볶음 (15,000원), 건두부볶음 (13,000원), 건두부무침 (13,000원), 경장육슬 (18,000원), 어향육슬 (18,000원), 깐풍기 (18,000원), 통파육 (20,000원), 호남닭고기 (18,000원), 호남중새우 (25,000원), 깐풍새우 (20,000원), 양꼬치 (15,000원), 양갈비 (18,000원), 고급양갈비 (22,000원), 매운소고기 (15,000원), 양갈비살꼬치 (18,000원), 계란토마토 (13,000원), 동파육 (20,000원)",영업시간 매일 17:00 ~ 05:00
미우야,"돈까스,우동",3.3,374,"서울 서초구 강남대로23길 90 기정빌딩 1층
(지번) 양재동 116-5",37.47402159,127.0353605,02-577-6348,메뉴 없음,"영업시간 매일 11:30 ~ 21:00 · 휴게시간 월,토,일 15:00 ~ 17:30"
진스시,"초밥,롤",3.8,123,"서울 서초구 강남대로43길 22-2
(지번) 서초동 1357-60",37.48753017,127.0311192,02-588-3330,"저녁 C 코스 (60,000원), 점심 C 코스 (39,000원), 저녁 A 코스 (39,000원), 저녁 B 코스 (45,000원), 점심 A 코스 (22,000원), 점심 B 코스 (28,000원), 모듬초밥 (35,000원), 참다랑어 뱃살 (20,000원), 광어사시미 (20,000원), 연어사시미 (20,000원), 새우튀김 (20,000원), 광어초밥 (10,000원), 도로초밥 (15,000원), 회덮밥 (20,000원), 우동 (5,000원)",영업시간 매일 11:30 ~ 22:00 · 휴게시간 매일 15:00 ~ 17:00
서래쭈꾸미 서래본점,"해물,생선",3.2,55,"서울 서초구 서래로5길 6 1층
(지번) 반포동 95-10",37.49795376,126.9979189,02-599-5118,"쭈꾸미 정식 (2인이상) (15,000원), 쭈꾸미 철판 (2인이상) (15,000원), 코다리찜 정식 (2인이상) (15,000원), 시래기코다리찜 (39,000원), 가오리찜 (39,000원), 눈꽃치즈쭈꾸미철판 (2인이상) (16,000원), 김치짜글이 (26,000원), 고등어구이 (13,000원), 쭈꾸미소면 (28,000원), 바싹불고기 (24,000원), 부추전 (15,000원), 깻잎전 (13,000원), 새우튀김 (중) (4마리) (9,000원)",영업시간 매일 11:30 ~ 21:00 · 휴게시간 매일 15:00 ~ 17:00
황재벌,장어,3,317,"서울 서초구 남부순환로347길 42-4 1층 102호
(지번) 서초동 1360-47",37.48612928,127.0314429,02-3471-5454,"양념꼼장어 (21,000원), 양념 쭈꾸미 (21,000원), 소금 왕꼼장어 (25,000원), 양념 닭발 (20,000원), 열무국수 (7,000원), 소금 쭈꾸미 (21,000원), 계란찜 (5,000원), 열무냉면 (7,000원), 잔치국수 (7,000원), 알주먹밥 (5,000원)",영업시간 매일 15:00 ~ 23:30
진동둔횟집,회,3.8,109,"서울 서초구 강남대로91길 18
(지번) 잠원동 36-32",37.512273,127.0196415,02-511-2179,"세꼬시 (49,000원), 전어(1인) (49,000원), 개불(1인) (변동가격), 미더덕찜 (35,000원), 회덮밥 (13,000원)",영업시간 월~토 12:00 ~ 22:00
이솔라,이탈리안,3.4,99,"서울 서초구 올림픽대로 2085-14 세빛섬 가빛섬 1층
(지번) 반포동 650",37.5124362,126.9959623,02-533-0077,"런치 파스타 코스 (Traditional) (33,000원), 런치 파스타 코스 (Signature) (35,000원), 런치 파스타 코스 (Special) (38,000원), 런치 스테이크 코스 (45,000원), 이솔라 스페셜 스테이크 코스 (가격정보 없음), 이솔라 스페셜 바닷가제와 스테이크 코스 (가격정보 없음)",영업시간 매일 11:30 ~ 21:30 · 휴게시간 월~금 15:00 ~ 17:30
로리스더프라임립,"스테이크,립",3.8,394,"서울 서초구 서초대로 411 GT타워 3층
(지번) 서초동 1317-23",37.49810835,127.0259227,02-590-2800,"캘리포니아 컷 (69,000원), 잉글리시 컷 (80,000원), 로리 컷 (95,000원), 다이아몬드 짐 브래디 컷 (128,000원), 비프 보울 컷 (158,000원), 프렌치 프라이（레귤러 컷） (7,000원)",영업시간 매일 11:30 ~ 22:00 · 휴게시간 매일 15:00 ~ 17:30
만원수산,회,3.7,309,"서울 서초구 서초대로77길 37 서초월드상가 3층 302호
(지번) 서초동 1308-10",37.50099462,127.0251043,010-9780-8184,"추천모듬회 (53,000원), 광우연 (47,000원), 우광이 (37,000원), 싱싱이 (50,000원), 광연이 (37,000원), 왕새우감자튀김 (15,000원), 회무침 (10,000원), 매운탕 (12,000원), 막회 (38,000원), 광돔이 (45,000원)",영업시간 매일 16:00 ~ 01:00
일점사,"육류,고기",3.2,18,"서울 서초구 반포대로22길 94
(지번) 서초동 1568-2",37.49118296,127.0132947,02-582-0321,"양념소갈비살 (1.4kg) (85,000원), 양념소갈비살 (700g) (47,000원), 등심 (1kg) (85,000원), 등심 (500g) (47,000원), 양념소갈비살 (700g)+등심 (500g) (85,000원), 참나무훈연삼겹살 (1.4kg) (65,000원), 참나무훈연삼겹살 (700g) (39,000원)",영업시간 매일 11:00 ~ 23:00 · 휴게시간 매일 16:00 ~ 17:00
만다린,중국요리,3.7,55,"서울 서초구 방배로6길 10-15 1,2층
(지번) 방배동 1020-2",37.47848417,127.0006099,02-581-3366,"삼선짬뽕 (14,000원), 탕수육(소) (20,000원), 짜장면 (9,000원), 유산슬밥 (18,000원), 삼선백짬뽕 (14,000원), 삼선고추짬뽕 (14,000원)","영업시간 월,화,목,금,토,일 11:00 ~ 21:00 · 휴게시간 월,화,목,금,토,일 15:00 ~ 17:00"
악바리,"호프,요리주점",3.2,102,"서울 서초구 서초대로77길 41 1층
(지번) 서초동 1308-6",37.50124467,127.0250115,02-3482-3080,"빠삭~튀긴 옛날 치킨 (17,000원), 석쇠불고기 (1판) (27,000원), 아~주매운 홍합찜 (19,000원), 오징어 보쌈 (17,000원), 해물 김치 피자전 (15,000원), 오뎅탕 (17,000원), 69cm 계란말이 (23,000원), 악바리 후라이드 치킨 (18,000원), 악바리 허니갈릭 치킨 (19,000원), 치킨 쫄깃 떡볶이 (17,000원), 닭모래집 후라이드 (19,000원), 닭모래집 소금구이 (17,000원), 닭모래집 고추장구이 (19,000원), 얼큰한 냄비 닭 도리탕 (25,000원), 매운돼지갈비찜 (25,000원), 오돌뼈 고추장볶음 (19,000원), 매운 소갈비찜 (27,000원), 해물김치 피자전 (15,000원), 계란찜 (15,000원), 모듬조개탕 (19,000원), 꽁치 김치찌개 (19,000원)",매일 00:00 ~ 24:00
레몬그라스타이,태국음식,3.9,455,"서울 서초구 효령로68길 67 1층
(지번) 서초동 1442-9",37.4853601,127.0213179,02-522-3029,"메뉴판 (0원), LUNCH A 2인 (19,000원), LUNCH B 2인 (22,000원), LUNCH 3인 (32,000원), LUNCH 4인 (40,000원), A COURS (135,000원), B COURS (150,000원), SPECIAL 3~4인 (66,500원), 깽키여우완까이 (16,000원), 파냉까이 (16,000원), 똠양꿍 (15,000원), 끄라둑언똠셉 (15,000원), 팍붕파이뎅 (12,000원), 쏨땀 (10,000원), 얌운센 (9,000원), 텃만꿍 (10,000원), 뻐삐야텃 (7,000원), 짜쬬 (7,000원), 삑까이텃 (6,000원), 모듬튀김요리 (24,000원), 카이찌여우 (7,000원), 쏨땀 까이텃 (19,000원), 카오팟꿍 (10,000원), 카오팟뿌 (10,000원), 나시고랭 (11,000원), 카오팟싸파롯 (11,000원), 카오팟똠얌 (11,000원), 끄라파우무쌉랏카오 (12,000원), 파냉까이랏카오 (13,000원)",영업시간 매일 11:00 ~ 21:00
송가옥,"곱창,막창",4.5,50,"서울 서초구 반포대로20길 57 한송빌딩 지하 1층
(지번) 서초동 1564-7",37.4885808,127.0129071,02-581-9297,"소대창(1인) (19,000원), 소곱창(1인) (17,000원), 양(특) (25,000원), 깃머리(특) (25,000원), 소막양(1인) (17,000원)",영업시간 월~금 17:00 ~ 22:00
베트남이랑,베트남음식,3.6,669,"서울 서초구 서초대로77길 15 대경빌딩 지하1층
(지번) 서초동 1317-5",37.49893787,127.0260752,070-8880-1105,"소고기쌀국수(M) (9,500원), 우삼겹쌀국수(M) (11,000원), 모듬쌀국수 (12,000원), 똠양쌀국수(M) (12,000원), 모듬곱창쌀국수 (15,000원), 모듬곱창국밥 (15,000원), 모듬대창쌀국수 (18,000원), 모듬대창국밥 (18,000원), 얼큰해산물쌀국수 (12,000원), 왕갈비쌀국수 (18,000원), 뼈쌀국수 (12,000원), 얼큰해장국밥 (11,000원), 곱창전골 (소) (25,000원), 스테이크덮밥 (15,000원), 나시고랭 (12,000원), 모닝글로리 (9,000원), 야채볶음밥 (10,000원), 소고기볶음밥 (11,000원), 해산물볶음밥 (11,000원), 야채튀김면 (12,000원), 소고기튀김면 (15,000원), 해산물튀김면 (15,000원), 야채볶음면 (10,000원), 소고기볶음면 (12,000원), 해산물볶음면 (12,000원), 파타이 (13,000원)",영업시간 매일 11:00 ~ 23:30
린참치,참치회,4.5,145,"서울 서초구 강남대로43길 17
(지번) 서초동 1358-3",37.48736261,127.0313583,02-3473-7490,"점심특선 (18,000원), 참치회 (특) (1인) (45,000원), 참치회 (스페셜) (59,000원), 참치회 (골드) (80,000원), 새우튀김 (30,000원), 메로구이 (30,000원), 회정식 (A) (23,000원), 회정식 (B) (35,000원), 초밥 (25,000원), 생대구탕 (35,000원), 대구탕 (15,000원), 알탕 (15,000원), 메로탕 (12,000원), 회덮밥 (10,000원), 알밥 (10,000원), 모밀(소바)정식 (12,000원), 우동정식 (10,000원)",영업시간 매일 11:00 ~ 22:00 · 휴게시간 월~금 15:00 ~ 16:30
무초,"육류,고기",4.2,120,"서울 서초구 마방로10길 18-16 1층
(지번) 양재동 264-9",37.47611278,127.0431202,02-576-5622,"드라이에이징 티본 (100g) (22,000원), 드라이에이징 채끝(150g) (24,000원), 돼지고기 김치찌개 (8,500원), 이베리코 목살(160g) (15,000원), 이베리코 갈비살(160g) (15,000원), 한돈 삼겹살(160g) (15,000원)",영업시간 월~금 11:30 ~ 21:30 · 휴게시간 월~금 14:00 ~ 17:00
푸주옥,설렁탕,4,46,"서울 서초구 서초중앙로26길 5 하림빌딩1 1층
(지번) 서초동 1699-14",37.49565449,127.0140026,02-596-2350,"설렁탕 (13,000원), 무릎 도가니탕 (22,000원), 특설렁탕 (16,000원), 내장 특곰탕 (18,000원), 꼬리 곰탕 (25,000원), 왕만두 (7,000원), 모듬수육(소) (50,000원), 모듬수육(대) (60,000원), 도가니수육(소) (50,000원), 도가니수육(대) (60,000원), 꼬리수육(소) (50,000원), 꼬리수육(대) (70,000원)",매일 06:00 ~ 23:00
디오디아2.0,뷔페,4.2,740,"서울 서초구 강남대로 213 엘타워 4층
(지번) 양재동 24-6",37.48276664,127.0349496,02-526-8700,메뉴 없음,영업시간 월~금 12:00 ~ 21:00 · 휴게시간 월~금 14:30 ~ 18:00
인덕원비빔국수,국수,3.3,17,"서울 서초구 남부순환로 2656 1-2층
(지번) 양재동 2-41",127.0410552,37.485222,02-579-5678,"비빔국수 (10,000원), 잔치국수 (9,000원), 동치미(열무)국수 (9,000원), 만두 (8,000원), 꼬마잔치국수 (5,000원)",영업시간 매일 11:00 ~ 21:00 · 휴게시간 매일 16:00 ~ 17:00
한신치킨호프,치킨,3.2,543,"서울 서초구 신반포로23길 30 반원상가 1층 111호
(지번) 잠원동 72-2",37.50878562,127.0035444,02-596-5990,"후라이드치킨 (20,000원), 양념치킨 (21,000원), 스모크치킨 (20,000원), 광어 (변동가격), 우럭 (변동가격), 산오징어 (변동가격), 산낙지 (변동가격), 해삼 (변동가격), 멍게 (변동가격), 두부김치 (18,000원), 왕치즈계란말이 (18,000원), 바지락칼국수 (9,000원), 얼큰수제비 (9,000원), 떡만두국 (9,000원), 대합탕 (20,000원), 부대찌개 (20,000원), 닭도리탕 (30,000원), 골뱅이(소) (18,000원), 해물파전 (18,000원), 알탕 (25,000원), 조개탕 (20,000원), 곱창전골 (25,000원), 김치전 (18,000원)",영업시간 매일 11:00 ~ 23:50
나베나루,일식집,4.6,47,"서울 서초구 신반포로 336 천양빌딩 1층
(지번) 반포동 706-5",37.51061473,127.0205192,02-545-9489,메뉴 없음,영업시간 월~토 11:30 ~ 22:00 · 휴게시간 월~토 15:00 ~ 17:00
채빛퀴진,뷔페,3.9,256,"서울 서초구 올림픽대로 2085-14
(지번) 반포동 650",37.5124362,126.9959623,02-3477-3100,"주중점심 (성인) (52,000원), 주중점심 (소인) (26,000원), 주중점심 (미취학아동) (21,000원), 주중저녁 (성인) (62,000원), 주중저녁 (소인) (31,000원), 주중저녁 (미취학아동) (25,000원), 주말&공휴일 (성인) (78,000원), 주말&공휴일 (소인) (39,000원), 주말&공휴일 (미취학아동) (31,000원)",영업시간 매일 11:30 ~ 21:30 · 휴게시간 매일 15:00 ~ 18:00
양양메밀막국수,국수,3.7,155,"서울 서초구 동광로15길 10 1층
(지번) 방배동 793-1",37.49251337,126.9882769,02-3482-3738,"김치전 (16,000원), 메밀전 (16,000원), 수육 (대) (48,000원), 수육 (중) (35,000원), 수육 (소) (22,000원), 찹쌀생주 (9,000원), 메밀막국수 (12,000원), 메밀막국수 (곱배기) (14,000원), 회 메밀막국수 (14,000원), 회 메밀막국수 (곱배기) (16,000원), 동치미막국수 (12,000원), 찜만두 (가격정보 없음), 만둣국 (가격정보 없음), 명태회무침 (0원), 회무침추가 (가격정보 없음), 회무침 (가격정보 없음)",영업시간 매일 11:00 ~ 21:00 · 휴게시간 매일 15:00 ~ 17:00
봇타야산,철판요리,3.9,163,"서울 서초구 방배중앙로 214 배원빌딩 2층
(지번) 방배동 751-1",37.49813632,126.9853184,02-532-6565,"부타야키 (22,000원), 카레치즈몬자야키 (20,000원), 토마토더블치즈몬자야키 (20,000원), 명란치즈몬자야키 (20,000원), 한우1++안심 (48,000원), 스페인산이베리코갈비살(160g) (26,000원), 호타테 코우소우야키(4ps) (30,000원)",월요일
볼라레,이탈리안,3.6,125,"서울 서초구 사평대로20길 8
(지번) 반포동 107-2",37.49907937,126.996892,02-537-1100,메뉴 없음,영업시간 매일 11:30 ~ 22:00 · 휴게시간 매일 15:00 ~ 17:00
백년옥 본관,두부전문점,3,252,"서울 서초구 남부순환로 2407 1층
(지번) 서초동 1450-6",37.48119667,127.0137752,02-523-2860,"야채두부비빔밥 (13,000원), 팥칼국수 (13,000원), 동지팥죽 (13,000원), 백년 생두부 (대) (13,000원), 백년 생두부(소) (9,000원), 백년 검정두부 (대) (14,000원), 백년 검정두부 (소) (10,000원), 황호박전 (18,000원), 순 도토리묵 (19,000원), 순 녹두전 (19,000원), 해물파전 (22,000원), 매생이생굴전 (23,000원), 두부제육 (40,000원), 두부전골(소) (30,000원), 양파오리훈제(소) (30,000원), 자연식순두부 (13,000원), 뚝배기순두부 (13,000원), 콩비지찌개 (13,000원), 들깨순두부 (13,000원), 냉콩국수(여름메뉴) (13,000원), 이북식시레기되비지 (13,000원)",영업시간 매일 11:00 ~ 21:00
메기대감,"매운탕,해물탕",4.4,35,"서울 서초구 남부순환로350길 30 1층
(지번) 양재동 13-6",37.48344079,127.0360714,02-3461-4008,"메기매운탕 (대) (68,000원), 메기불고기 (대) (72,000원), 메기튀김 (30,000원), 도리뱅뱅 (20,000원), 민물새우튀김 (20,000원), 불탕 (95,000원), 메기매운탕 (소) (40,000원), 메기불고기 (중) (62,000원), 메기불고기 (소) (52,000원), 빠가메기탕 (대) (80,000원), 빠가메기탕 (소) (46,000원), 참게메기탕 (대) (84,000원), 참게메기탕 (소) (48,000원), 빠가참게메기탕 (대) (96,000원), 빠가참게메기탕 (54,000원)",영업시간 매일 11:00 ~ 23:00
남궁야,오리,3.6,104,"서울 서초구 방배천로4안길 10
(지번) 방배동 451-6",37.47846264,126.9833704,02-581-9252,"공기밥 (1,500원)",영업시간 월~토 12:00 ~ 22:00
스시려프리미엄,"초밥,롤",4.4,150,"서울 서초구 효령로77길 34 아크로텔 2층 206호
(지번) 서초동 1337-2",37.49199415,127.0288488,02-525-0900,"런치 오마카세 (70,000원), 프리미엄 오마카세 (140,000원)",영업시간 매일 11:40 ~ 22:00 · 휴게시간 매일 14:40 ~ 18:30
엔트런스,카페,4.3,98,"서울 서초구 사임당로19길 72-3
(지번) 서초동 1643-32",37.49244178,127.0190455,0507-1325-0727,"엔트런스 라떼 (4,500원), 버터 크럼블 크림 라떼 (6,500원), 에스프레소 (4,500원), 아메리카노 (4,500원), 플랫화이트 (5,500원), 라떼 (6,000원), 바닐라 라떼 (6,500원), 몽블랑 밀크티 (시즌메뉴) (7,000원), 당진 오곡라뗴 (시즌메뉴) (7,000원), 유기농 말차 라떼 (6,500원), 호지차 라떼 (6,500원), 발로나 초콜렛 라떼 (6,500원), 딸기 바나나 블랜디드 (7,000원), 넛츠 바나나 주스 (7,000원), 레몬에이드 (7,000원), 자두에이드 (7,000원), 패션 후르츠 에이드 (7,000원), 애플 시나몬 밀크티 (6,800원), 애플 시나몬 블랙티 (6,800원), 베리썸 히비스커스 (6,500원), 오렌지 자몽 블랙티 (6,500원), 카모마일 (6,500원), 루이보스 (6,500원), 얼그레이 (6,500원), 레몬티 (7,000원)",영업시간 매일 10:00 ~ 20:00
우작설렁탕,설렁탕,3.5,105,"서울 서초구 서초중앙로6길 7 홍빌딩 지하1층
(지번) 서초동 1621-5",37.48619805,127.0161214,02-584-8544,메뉴 없음,영업시간 월~토 11:30 ~ 21:40
설눈,냉면,4,280,"서울 서초구 서초대로46길 20-7 영토빌딩 1층
(지번) 서초동 1551-9",37.49123286,127.0097683,02-6959-9339,"고려 물냉면 (15,000원), 고려 비빔냉면 (15,000원), 왕만두 (반접시) (7,000원), 소고기 수육 (40,000원), 돼지고기 편육 (30,000원), 갈비찜 (60,000원), 평양온반 (13,000원), 소고기 만두전골 (22,000원), 불고기 전골 (22,000원), 평양 육개장 (13,000원)","영업시간 월,화,수,목,금,일 11:00 ~ 21:00 · 휴게시간 월,화,수,목,금,일 15:00 ~ 17:00"
토박이별당,"찌개,전골",4.1,24,"서울 서초구 반포대로39길 47-3 1층
(지번) 반포동 549-18",37.49823379,127.0022656,02-537-4650,"뚝배기동태찌개 (10,000원), 불고기덮밥 (10,000원), 영양비빔밥 (10,000원), 낙지덮밥 (10,000원), 김치찌개 (9,000원)",영업시간 월~토 11:30 ~ 21:30 · 휴게시간 월~토 15:00 ~ 17:00
영덕집,"해물,생선",3.6,30,"서울 서초구 법원로2길 7-4 지하2층
(지번) 서초동 1712-6",37.49400203,127.0116383,02-594-9944,"영덕물회 (14,000원), 갈치조림 (15,000원), 고등어조림 (9,000원), 영덕정식(1인) (28,000원)",영업시간 월~토 10:00 ~ 22:00 · 휴게시간 월~토 15:00 ~ 17:30
바베큐랩,"육류,고기",4.3,468,"서울 서초구 마방로10길 18-13 1층
(지번) 양재동 267-3",37.47598629,127.0433374,02-571-3380,"생삼겹살(150g) (18,000원), 이베리코 목살(150g) (18,000원), 프리미엄 꽃갈비살(120g) (18,000원), 양갈비(150g) (18,000원), 토마토라멘 (10,000원), 들기름국수 (10,000원)",영업시간 월~금 16:00 ~ 22:00
장꼬방묵은김치찌개전문,"찌개,전골",3.3,247,"서울 서초구 효령로 364 1층
(지번) 서초동 1438-8",37.48689281,127.0236629,02-522-0035,"김치찌개 (9,000원), 계란말이 (10,000원), 장꼬방구이 (12,000원)",영업시간 매일 10:00 ~ 22:00
광해즉석떡볶이,떡볶이,4.1,174,"서울 서초구 서초대로 275 중앙빌딩 지하1층 104호
(지번) 서초동 1716-10",37.49339727,127.0116413,02-461-5360,"불맛 즉석떡볶이 (2인) (18,000원), 불맛 즉석떡볶이 (3인) (24,000원), 차돌 즉석떡볶이(2인) (17,000원), 차돌 즉석떡볶이(3인) (23,000원), 차돌 즉석떡볶이(4인) (29,000원), 기본 즉석떡볶이(2인) (15,000원), 기본 즉석떡볶이(3인) (20,000원), 기본 즉석떡볶이(4인) (25,000원), 옛추억 즉석떡볶이(2인) (15,500원), 로제 즉석떡볶이(2인) (17,000원), 깻잎 즉석떡볶이(2인) (14,000원), 순대 즉석떡볶이(2인) (15,500원), 순대 즉석떡볶이(3인) (20,500원), 차돌 어묵탕 (14,000원), 오징어탕수 (6,800원), 양념순대튀김꼬치 (5,500원), 갈릭버터감자튀김 (5,500원), 무침야끼만두 (3,800원), 철판치즈마약옥수수 (6,800원), 치즈갈릭버터감자튀김 (6,800원)",영업시간 월~금 11:00 ~ 21:30 · 휴게시간 월~금 15:00 ~ 17:00
잠원떡볶이,떡볶이,3.5,127,"서울 서초구 잠원로4길 45
(지번) 잠원동 61-17",37.5134216,127.0114002,02-591-4108,"떡볶이 (5,000원), 모듬튀김 (5,000원), 순대 (5,000원), 튀김김밥 (600원), 꼬마김밥 (1,000원)",영업시간 월~토 11:00 ~ 21:00
토다베이글 본점,카페,3.8,160,"서울 서초구 성촌6길 39
(지번) 우면동 176-5",37.46752779,127.0226322,02-529-5401,"에스프레소 (4,500원), 아메리카노 (4,500원), 카페라떼 (5,000원), 아포가토 (6,500원), 밀크티 (5,500원), 베이글 (2,700원), 크림 치즈 (2,900원), 닭가슴살 샌드위치 (7,900원), 연어 샌드위치 (8,900원), 아보카도 에그 샌드위치 (8,900원), 오늘의 스프 (8,000원), 시즌샐러드 (14,000원), 레몬에이드 (6,500원), 바닐라쉐이크 (6,800원), 딸기쉐이크 (6,800원), 초콜릿쉐이크 (6,800원), 말차쉐이크 (6,800원), 아보카도바나나주스 (7,000원)",월~금 07:30 ~ 20:00
한국순대 본점,순대,3.1,154,"서울 서초구 바우뫼로35길 4 원빌딩 1층
(지번) 양재동 5-22",37.47879842,127.0397598,02-573-3550,"순대국 (12,000원), 순대국 (특) (13,000원), 술국 (23,000원), 해장국 (13,000원), 순대 (1접시) (13,000원), 모듬 (35,000원), 수육 (35,000원), 생순대 (1kg) (27,000원)",매일 00:00 ~ 24:00
마오,중국요리,3.1,40,"서울 서초구 명달로 93 1-2층
(지번) 서초동 1496-12",127.003823,37.4857106,02-583-8845,"북경오리 (소) (43,000원), 포로샤추 (38,000원), 자장면 (7,000원), 마오짬뽕 (9,000원), 해물볶음면 (10,000원), 중국식볶음면 (11,000원), 송이탕면 (16,000원), 차돌짬뽕 (12,000원), 목등심볶음밥 (9,000원), 해물탕면 (16,000원), 매콤한 산시지방 면 (10,000원), 쌀국수 소고기볶음면 (10,000원), 새우볶음밥 (8,000원), 가지덮밥 (9,000원), 전복소스와오리덮밥 (10,000원), 해물볶음밥 (11,000원), 유산슬덮밥 (13,000원), 잡탕밥 (15,000원)",영업시간 매일 11:30 ~ 21:30
델리쎄106,이탈리안,4,157,"서울 서초구 동광로 106 원방빌딩 1층
(지번) 방배동 807-9",37.49364555,126.9938576,02-534-3412,"(투플) 한우 채끝 까르파치오 (23,000원), 제철 생선 까르파치오 (21,000원), 보타르가&우니 (31,000원), 홍감자 뇨끼 (25,000원), 시금치 리소토 (29,000원), 풍기 리소토 (25,000원)","영업시간 월,수,목,금,토,일 11:30 ~ 22:00 · 휴게시간 월,수,목,금,토,일 15:30 ~ 17:30"
하트타임,"호프,요리주점",3.9,249,"서울 서초구 신반포로 195
(지번) 잠원동 69-5",37.50674116,127.0055202,02-599-8048,"오징어볶음소면 (15,000원), 순살후라이드 (15,000원), 순살바베큐 (18,000원), 순살치즈바베큐 (20,000원), 무뼈닭발 (15,000원), 모듬소세지 (16,000원), 황도 (9,500원), 해물떡볶이 (13,000원), 골뱅이 + 쫄면 (16,000원), 소세지야채볶음 (13,000원), 대구포 (12,500원), 한치 + 땅콩 (13,500원), 치킨까스안주 (13,500원), 쥐포 (11,500원), 돈까스안주 (15,000원), 모듬튀김 (17,500원), 반달감자튀김 (11,000원), 모듬감자튀김 (16,000원), 감자튀김 (10,000원), 오뎅탕 (12,000원), 계란탕 (11,000원), 참치김치찌개 (14,000원), 계란말이 (11,000원), 부대찌개 (14,000원), 버그레몬에이드 (7,000원), 데킬라 (7,000원), 진토닉 (7,000원), 잭콕 (7,000원), 예거밤 (7,000원), 모히또 (7,000원)",영업시간 매일 11:00 ~ 00:30
언더그라운드,"호프,요리주점",4,26,"서울 서초구 강남대로53길 11 삼성쉐르빌2 지하 1층 B101~B103호
(지번) 서초동 1330",37.49396164,127.0279164,02-522-5446,"언더그라운드 치킨 (17,000원), 언더그라운드 양념치킨 (18,000원), 언더그라운드 어니언치킨 (18,000원), 언더그라운드 간장치킨 (18,000원), 언더그라운드 순살치킨 (17,000원), 슈바인학센 (38,000원)",영업시간 월~수 18:00 ~ 24:00
심재,디저트카페,4.1,204,"서울 서초구 동산로2길 40 리라빌딩 1층 101호
(지번) 양재동 347-2",37.46814931,127.0427995,070-8826-9000,"호지차 라떼 (6,000원), 흑임자 라떼 (6,500원), 콜드브루 (5,500원), 콜드브루라떼 (6,000원), 에스프레소 (5,000원), 아메리카노 (5,000원), 카페라떼 (5,500원), 바닐라라떼 (6,000원), 핫/아이스 초코 (6,500원), 오미자청포도에이드 (6,000원), 배한라봉에이드 (6,000원), 아몬드 크림 라떼 (6,500원), 화이트 에스프레소 (6,500원), 귀리 크림 라떼 (6,500원), 귀리 밀크 커피 셰이크 (7,000원), 11곡 라떼 (6,000원), 사과 꿀 생강 차 (6,500원), 청귤 작설 에이드 (6,000원), 얼그레이 수레국화 홍차 (6,500원), 루이보스 금잔화 허브차 (6,500원)",월~금 09:00 ~ 22:00
홍미단 방배본점,분식,3.9,87,"서울 서초구 효령로31길 94
(지번) 방배동 925-19",37.48508565,126.9945541,02-534-0433,"떡볶이 (1인분) (4,500원), 홍미김밥 (3,200원), 오징어튀김 (1,200원), 순대 (1인분) (4,000원), 꼬마김밥 (1,200원)",월요일
소울브레드,"제과,베이커리",4.2,106,"서울 서초구 바우뫼로7길 27
(지번) 우면동 59",37.47126547,127.0243705,070-4235-4748,"무화과 생크치 (7,200원), 샤인머스캣 생크치 (7,200원), 베리베리요거트 생크치 (6,000원), 양 생크치 (5,700원), 얼그레이 생크치 (5,700원), 얼그레이 오레오 (6,000원), 와사비 생크치 (6,000원), 레몬 생크치 (5,700원), 쑥 생크치 (6,000원), 팥쑥 생크치 (6,800원), 쑥 오레오 (6,300원), 크림치즈 브레드 (5,000원), 크림치즈 1가지 + 생크림 생크치 (7,600원), DIY 크림치즈 (6,000원), 앙브레드 (5,000원), 앙버터 (5,700원)","월,화,일요일"
어진,"해물,생선",3.9,58,"서울 서초구 강남대로18길 15-11
(지번) 양재동 242-4",37.47246024,127.0395811,02-2058-2933,"생멸치세트 (70,000원), 도시 숙회 (25,000원), 오징어회덮밥 (20,000원), 생멸치구이 (20,000원), 생멸치조림 (25,000원), 생멸치회무침 (35,000원), 안주물회 (50,000원), ICE 세꼬시(중) (30,000원), 전어회 (30,000원), 전어구이 (30,000원), 도치알탕 (30,000원), 도치두루치기 (35,000원), 해초비빔밥 (9,000원), 망치매운탕 (10,000원), 세꼬시회덮밥 (15,000원), 세꼬시물회 (15,000원), 오징어물회 (20,000원), 오징어 두루치기 (10,000원), 새치구이 (17,000원), 도루묵찜(중) (35,000원), 곰치국(1인) (20,000원), 피문어 숙회 (35,000원), 도루묵구이 (35,000원), 감자전 (20,000원), 오징어 통찜 (30,000원), 전복물회 (17,000원), 오징어두루치기(소) (20,000원)",영업시간 월~금 11:00 ~ 22:00 · 휴게시간 월~토 15:00 ~ 17:00
도우룸,이탈리안,3.7,222,"서울 서초구 동광로 99 2층
(지번) 방배동 797-20",37.49383636,126.9933453,02-535-9386,"먹물 카펠리니 (29,000원), 감자 뇨끼 (31,000원), 부카티니 아마트리치아나 (30,000원), 쭈꾸미 레지네티 (32,000원), 리코타이거 라비올로 (25,000원), 봉골레 링귀니 (26,000원), 참나물 따야린 (29,000원), 백겹의 라자냐(한정수량) (38,000원), 치킨 디아볼라 (40,000원), 브란치노 (53,000원), 아쿠아파짜 (60,000원), 이베리코프레사 (65,000원), 시저샐러드 (24,000원), 토마토 샐러드 (26,000원), 광어 크루도 (31,000원), 문어 감자 샐러드 (32,000원)","월,화요일"
스마일포차,한식,4.2,84,"서울 서초구 방배중앙로 191 1층
(지번) 방배동 761-4",37.49604005,126.9854729,02-534-0236,메뉴 없음,영업시간 월~토 16:00 ~ 02:00
구름떡,"떡,한과",3.9,73,"서울 서초구 방배로33길 21 1층
(지번) 방배동 815-1",37.49165457,126.9896133,02-533-1530,"흑임자인절미 (9,000원), 구름떡 (9,000원)",월~토 08:00 ~ 22:00
허수아비돈까스,"돈까스,우동",3.6,128,"서울 서초구 반포대로 16 지하1층
(지번) 서초동 1451-52",37.48206419,127.0127458,02-582-1187,메뉴 없음,영업시간 월~토 11:00 ~ 20:00 · 휴게시간 월~토 14:00 ~ 15:30
이딸리아,이탈리안,3.8,71,"서울 서초구 동광로39길 63
(지번) 반포동 72-7",37.49786224,126.9994967,02-535-0852,"그린샐러드 (12,000원), 야채수프 (8,000원), 양파수프 (9,000원), 마르게라따 피자 (19,000원), 마르게리따 부팔라 피자 (27,000원)",영업시간 매일 11:30 ~ 22:00 · 휴게시간 매일 15:00 ~ 17:00
여진족,"족발,보쌈",3.1,190,"서울 서초구 방배천로4안길 12 지하1층,1층
(지번) 방배동 451-5",37.47861454,126.9833267,02-3473-3479,메뉴 없음,영업시간 월~토 16:00 ~ 23:00
희객,중식,4.1,53,"서울 서초구 방배중앙로27길 32
(지번) 방배동 763-15",37.49530626,126.9839724,02-3444-7625,메뉴 없음,영업시간 매일 11:30 ~ 22:00
구뜰집,"육류,고기",3.8,46,"서울 서초구 서초대로23길 14 1층
(지번) 방배동 874-3",37.48818411,126.9926137,02-593-8592,메뉴 없음,
가츠오,"돈까스,우동",3.9,428,"서울 서초구 서초중앙로20길 21 1층
(지번) 서초동 1658-17",37.49240323,127.0152623,02-6338-5154,"쿠로고마 안심흑가츠 (17,000원), 제주흑돼지 안심가츠 (16,000원), 제주흑돼지 등심가츠 (15,000원), 제주흑돼지 안심카츠카레 (18,000원), 제주흑돼지 등심카츠카레 (17,000원), 고보텐냉우동 (12,000원), 제주흑돼지 안심/새우가츠 세트 (18,000원), 제주흑돼지 등심/새우가츠 세트 (16,000원)",영업시간 매일 11:30 ~ 20:00 · 휴게시간 매일 14:00 ~ 17:00
중국성,중국요리,3.2,10,"서울 서초구 잠원로3길 40 1층 101,104-2호
(지번) 잠원동 72-3",37.50821285,127.0036587,02-3482-4256,"삼선짜장면 (10,500원), 사천바지락짬뽕 (13,000원), 해물쟁반짜장 (23,000원), [강력추천] 삼선볶음밥 (11,000원), 해물잡탕밥 (17,000원), 탕수육+짜장면2 (34,000원), 탕수육+짜장+짬뽕 (36,000원), 깐풍기+짜장+짬뽕 (42,000원), 돼지고기 탕수육 (25,000원), 난자완스(소고기) (55,000원), 기스면 (10,000원), 삼선우동 (11,000원), 삼선울면 (11,000원), 홍합짬뽕 (10,000원), [차원이다른맛] 삼선짬뽕 (13,000원), 차돌짬뽕 (13,000원), 해물볶음짬뽕 (26,000원), 항아리 낙지짬뽕 (27,000원), 안주용 해물짬뽕탕 (28,000원), [중독되는] 딴딴면 (13,000원), 당면잡채밥 (11,000원), 고추잡채밥 (15,000원), 마파두부밥 (11,000원), 홍합짬뽕밥 (10,500원), 게살볶음밥 (13,000원), 모듬버섯송이덮밥 (17,000원), 유산슬밥 (17,000원), 삼선짬뽕밥 (13,500원), 깐풍기+짜장2 (40,000원), 양장피+짜장2개 (40,000원)",영업시간 매일 11:00 ~ 22:00
소백산 양재별관,"육류,고기",3.9,48,"서울 서초구 강남대로8길 36
(지번) 양재동 346",37.46847368,127.0430548,02-572-7111,"차돌된장찌개 (9,000원), 소머리곰탕 (10,000원), 우거지갈비탕 (12,000원), 소고기국밥 (9,000원), 양곰탕 (12,000원)",영업시간 매일 11:00 ~ 22:00
송강,장어,3.1,55,"서울 서초구 명달로9길 5 정호빌딩1층
(지번) 방배동 1002-1",37.4818836,127.004486,02-598-9288,"복사시미 (소) (120,000원), 다다끼사시미 (150,000원), 복찜 (일반복) (70,000원), 갯벌장어구이 (1인분) (75,000원), 민물장어구이 (1마리) (45,000원)",영업시간 매일 11:00 ~ 22:00
대판수사,일식집,3.7,15,"서울 서초구 방배로10길 10-4
(지번) 방배동 983-3",37.48096717,126.9985779,02-522-4555,"특대판정식 (44,000원), 대판정식 (33,000원), 스페셜초밥 (50,000원), 도미머리소금구이 (32,000원), 생대구탕 (30,000원)",영업시간 월~금 11:30 ~ 22:00 · 휴게시간 매일 15:00 ~ 17:00
진대감 신사점,"육류,고기",4.2,50,"서울 서초구 나루터로12길 18 수인빌딩 1층
(지번) 잠원동 23-8",37.51466587,127.0174586,02-543-8858,"한우차돌삼합 (29,000원), 한우투뿔모듬(No.9) (99,000원), 한우파김치전골대표 (55,000원), 한우차돌박이 (29,000원), 한우꽃게된장찌개 (12,000원), 키조개관자장비빔밥 (10,000원), 한우차돌짬뽕라면 (10,000원), 갓김치물냉면 (10,000원), 갓김치비빔냉면 (10,000원), 구수한누룽지 (8,000원), 날치알볶음밥 (6,000원), 점심)즉석한우불고기 (14,000원), 점심)한우꽃게된장찌개밥상 (12,000원), 점심)한돈파김치전골밥상 (11,000원), 점심)키조개관자장비빔밥상 (10,000원), 점심)한우차돌짬뽕라면밥상 (10,000원), 점심)갓김치물냉면 (10,000원), 점심)갓김치비빔냉면 (10,000원), 콩나물찜 (6,000원)",영업시간 월~금 11:30 ~ 22:00 · 휴게시간 월~금 14:30 ~ 16:30
아이언쉐프,"스테이크,립",4.6,14,"서울 서초구 사임당로8길 10
(지번) 서초동 1624-4",37.48808478,127.0153132,02-522-2964,메뉴 없음,영업시간 월~토 11:00 ~ 22:00
풍년집큰아들네,갈비,3.3,28,"서울 서초구 신반포로47길 68 평화빌딩 1층
(지번) 잠원동 29-10",37.51333122,127.0185956,02-555-9299,"참숯불소갈비살(180g) (18,000원)",영업시간 월~토 10:00 ~ 22:00
시골집,쌈밥,4,107,"서울 서초구 반포대로10길 7 1층
(지번) 서초동 1459-11",37.48373705,127.0122451,02-597-0400,메뉴 없음,영업시간 매일 11:00 ~ 22:00 · 휴게시간 매일 15:00 ~ 17:00
루엘드파리,"제과,베이커리",4.2,376,"서울 서초구 서초중앙로 18 1층 107,112,117~118호
(지번) 서초동 1445-13",37.48404762,127.0173487,02-322-0939,메뉴 없음,월~금 08:00 ~ 21:00
주,중국요리,4,178,"서울 서초구 동광로19길 16 1층
(지번) 방배동 795-5",37.49320941,126.9893381,02-3482-3374,"삼선짜장면 (10,000원), 삼선짬뽕 (12,000원), 삼선우동 (12,000원), 삼선울면 (12,000원), 기스면 (8,000원), 삼선볶음밥 (12,000원), 새우볶음밥 (11,000원), 게살볶음밥 (13,000원), 잡채밥 (13,000원), 마파두부밥 (13,000원), 해물덮밥 (18,000원), 양장피잡채 (48,000원), 마파두부 (30,000원), 전가복 (140,000원), 해삼전복 (170,000원), 마라전복 (90,000원), 팔보채 (45,000원), 류산슬 (45,000원), 칠리중새우 (48,000원), 깐풍중새우 (48,000원)",월요일
별난횟집,회,4.2,19,"서울 서초구 강남대로 224 양재 한신휴플러스 상가 지하1층 9호
(지번) 양재동 12-10",37.48401773,127.0351175,02-576-3050,메뉴 없음,영업시간 매일 11:30 ~ 22:00 · 휴게시간 매일 14:30 ~ 16:30
홀스김밥 본점,한식,4,27,"서울 서초구 서초중앙로22길 90 한서빌딩 1층 101호
(지번) 서초동 1640-13",37.49407093,127.0188116,02-522-0188,"홀스김밥 (5,500원), 고추냉이김밥 (5,500원), 스팸김밥 (5,500원), 더블치즈달걀김밥 (6,500원), 홀스닭강정S (9,000원), 홀스닭강정L (18,000원), 더블치즈달걀김밥 (6,500원), 곤약미나리김밥 (6,000원), 진도대파참치김밥 (6,500원), 서초동누룽지떡볶이 (7,500원), 홀스닭강정세트 (10,500원), 고추냉이닭강정세트 (10,500원), 스팸닭강정세트 (10,500원), 곤약미나리닭강정세트 (11,000원), 더블치즈닭강정세트 (11,500원), 대파참치닭강정세트 (11,500원)",월~금 09:00 ~ 20:00
박고볼래,실내포장마차,3.5,75,"서울 서초구 강남대로30길 12 1층
(지번) 양재동 15-22",37.48173839,127.0379276,02-529-5254,"물회 (28,000원), 멍게 (18,000원), 뼈없는 닭발 (20,000원), 육전 (25,000원), 해물파전 (20,000원)",영업시간 월~토 17:00 ~ 04:00
만강홍 교대본점,중국요리,3.3,15,"서울 서초구 서초중앙로22길 46 선인빌딩 1층
(지번) 서초동 1669-8",37.49329045,127.0165624,02-582-2678,"옛날볶음밥 (7,000원), 해삼전복 (소) (90,000원), 아스파라가스 전복 (소) (70,000원), 두치전복 (소) (70,000원), 왕새우찜 (중) (12,000원)",영업시간 매일 11:00 ~ 21:00
뱅스시,"초밥,롤",4.3,172,"서울 서초구 반포대로10길 35 서초지웰 상가동 지하1층 104호
(지번) 서초동 1458-6",37.48424245,127.0136905,02-574-2201,메뉴 없음,영업시간 매일 11:30 ~ 21:40 · 휴게시간 매일 14:40 ~ 17:00
태국식당356,태국음식,3.9,127,"서울 서초구 남부순환로350길 19-16 2층
(지번) 양재동 11-49",37.48410782,127.0366229,02-579-7371,"M1 뿌팟봉커리 (25,000원), A3 뽀삐아텃 (10,000원), A4 똠얌꿍 (15,000원), M4 무 텃 픽타이담 (20,000원), N1 팟타이 꿍 (12,000원), N5 퍼보 (11,000원), S1 쏨땀타이 (13,000원), A1 텃만꿍 (12,000원), M7 쏨땀 까이텃 (21,000원), R1 카오랏카파오무쌉 (11,000원), N2 팟씨유 (12,000원), N3 팟끼마오 (12,000원), S2 얌운센 (12,000원), A2 짜조 (10,000원), A5 싸이크럭이싼 (16,000원), 고수추가 (1,500원), 라이스 (1,000원), M2 느어 팟 남만호이 (25,000원), M3 팟프릭탈래 (24,000원), M5 꿍텃까띠암 (22,000원), M6 커무양 (21,000원), M8 까이쌈롯 (20,000원), R2 카오팟 뿌 (11,000원), R3 카오팟 싸빠롯 (11,000원), R4 태국식당 카오팟 (11,000원), R5 깽키요완까이 (12,000원), N4 꾸웨이띠오 (11,000원), N6 분보후에 (12,000원), 망고스틴주스 (4,000원), 타이티 (4,000원)",영업시간 월~금 11:30 ~ 22:00 · 휴게시간 월~금 15:00 ~ 17:00
일번지육개장,"찌개,전골",3.7,412,"서울 서초구 신반포로 195 반포쇼핑타운 5동 지하1층 11호~14호
(지번) 잠원동 69-5",37.50674116,127.0055202,02-537-1911,"낙곱전골 (39,000원), 곱창전골 (28,000원), 닭볶음탕 (35,000원), 생삽겹살 (14,000원), 양푼 김치찌개 小 (25,000원), 양푼 김치찌개 大 (35,000원), 육개장(식사) (0원), 부대찌개 (식사) (0원), 뚝배기불고기 (식사) (0원), 해물순두부 (식사) (0원), 곱창순두부 (식사) (0원), 돌솥비빔밥 (식사) (0원), 생굴순두부 (0원), 두부김치 (0원)",영업시간 매일 11:00 ~ 22:50 · 휴게시간 매일 15:30 ~ 16:30
한국회관,한식,4.6,326,"서울 서초구 사평대로18길 10 1층
(지번) 반포동 107-45",37.49839051,126.995612,02-595-3355,"갈비찜 (60,000원), 갈비살(130g) (40,000원), 꽃등심(130g) (45,000원), 한우생불고기 (25,000원), 생고기(육사시미) (50,000원), 갈비탕 (19,000원), 특갈비탕 (28,000원), 물냉면(평양) (10,000원), 회냉면 (12,000원)",영업시간 매일 11:30 ~ 22:00
정석초밥,"초밥,롤",3.5,92,"서울 서초구 강남대로12길 41 1층
(지번) 양재동 322-2",37.47073918,127.0410251,02-571-5751,메뉴 없음,영업시간 월~금 11:00 ~ 21:00 · 휴게시간 월~토 15:00 ~ 16:30
풍년서서갈비,"육류,고기",4.4,47,"서울 서초구 서초대로50길 84-3 선우빌딩
(지번) 서초동 1565-6",37.48940596,127.0136123,02-3471-7160,"소갈비(1인분) (35,000원), 돼지갈비(1인분) (15,000원), 통갈매기살 (17,000원), 고추장삼겹살 (17,000원), 육회 비빔밥 (10,000원), 소고기 무국 (8,000원), 갈비살 우거지탕 (8,000원), 차돌된장찌개 (8,000원), 소불고기 정식 (9,000원), 소머리 곰탕 (8,000원), 의정부 부대찌개(2인) (16,000원), 얼큰이 냉면(물, 비빔) (8,000원), 육회 (20,000원), 불판 고추장 삼겹살 (9,000원)",영업시간 월~토 11:00 ~ 23:00
양모리양대창,"곱창,막창",4.8,31,"서울 서초구 방배로 174 1층 107호
(지번) 방배동 851-6",37.48918282,126.993061,02-532-8125,메뉴 없음,영업시간 월~토 11:00 ~ 22:30
카페모호,커피전문점,4.2,118,"서울 서초구 양재천로7길 1 1층
(지번) 양재동 117-2",37.47429807,127.0360656,02-572-8875,메뉴 없음,월~금 08:30 ~ 17:00
신미경의정통춘천닭갈비,닭요리,4.1,166,"서울 서초구 방배로16길 11-3
(지번) 방배동 905-7",37.48470513,126.9962775,02-586-5222,"닭갈비（2인분） (28,000원), 치즈닭갈비（2인분） (34,000원), 닭갈비（3인분） (42,000원), 닭갈비（4인분） (56,000원), 치즈닭갈비（3인분） (51,000원), 치즈닭갈비（4인분） (68,000원), 콜라 355mL (2,000원), 사이다 355mL (2,000원)",영업시간 매일 11:00 ~ 22:00
어여쁜한우 서래본점,"육류,고기",3.4,14,"서울 서초구 사평대로20길 29
(지번) 반포동 105-12",37.49805854,126.997127,02-592-1159,"한우 야채 스테이크 볶음밥 (25,000원), 한우 김치 스테이크 볶음밥 (25,000원), 콜라 (3,000원), 사이다 (3,000원)",영업시간 매일 11:30 ~ 21:30
해이케이크샵,"제과,베이커리",4.6,37,"서울 서초구 방배천로2안길 96 1층
(지번) 방배동 457-18",37.4812784,126.984171,070-7617-0084,메뉴 없음,"월,화,수요일"
박경자식당,술집,4.2,47,"서울 서초구 신반포로47길 9-15 1층
(지번) 잠원동 40-2",37.51100166,127.0192285,02-6104-4005,"삼겹살 (23,000원), 흰다리새우 (24,000원), 살치살 (32,000원), 숭어 (23,000원), 닭고기 (19,000원)",영업시간 월~금 18:00 ~ 24:00
올리브에비뉴,양식,3.1,200,"서울 서초구 방배천로 11 파스텔시티 6층
(지번) 방배동 444-3",37.47770076,126.9822361,02-3474-7777,메뉴 없음,영업시간 월~금 11:30 ~ 21:30
아메리칸차이니즈 친,중국요리,4.2,110,"서울 서초구 반포대로30길 9 블루힐65 1층 101호
(지번) 서초동 1553-15",37.49173442,127.0090501,02-737-7393,메뉴 없음,"영업시간 월,화,수,목,금,일 11:30 ~ 22:00 · 휴게시간 월,화,수,목,금,일 15:00 ~ 17:00"
하루스시,"초밥,롤",3.6,70,"서울 서초구 강남대로 455 B118호
(지번) 서초동 1303-35",37.50285946,127.0245439,02-532-9091,메뉴 없음,영업시간 월~금 11:30 ~ 21:30 · 휴게시간 월~금 14:30 ~ 17:30
소호정 본점,국수,4.1,198,"서울 서초구 논현로 27
(지번) 양재동 392-11",37.47325442,127.0486808,02-579-7282,"국시 (0원), 국밥 (0원), 수육 (0원), 전 (0원), 참문어 (가격정보 없음), 메밀묵 (0원)",영업시간 매일 11:00 ~ 21:00
구룡각,중국요리,3.5,150,"서울 서초구 논현로 61 1~3층
(지번) 양재동 283",127.0463507,37.4755842,02-576-4283,"탕수육(小) (22,000원), 삼선간짜장 (계란후라이) (12,000원), 구룡짬뽕 (11,000원), 짜장면 (9,000원), 중화비빔밥 (계란후라이) (15,000원), 어향동고(小) (28,000원), 유린기(小) (30,000원), 탕수육(大) (42,000원), 궈바로우(찹쌀탕수육)(小) (25,000원), 깐풍군만두 (11,000원), 볶음밥(계란후라이) (12,000원), 구룡짬뽕 (11,000원), 잡채밥 (12,000원), 고추짬뽕 (12,000원), 차돌짬뽕 (13,000원), 해물우동 (11,000원), 삼선울면 (12,000원), 기스면 (10,000원), 중화야끼면 (13,000원), 군만두 (10,000원)",영업시간 매일 11:10 ~ 21:50 · 휴게시간 매일 15:00 ~ 17:00
앙젤리제,양식,4.8,554,"서울 서초구 방배천로2안길 69 2층
(지번) 방배동 454-14",37.48013273,126.9838905,0502-5551-6516,"앙젤리제 브런치 (18,000원), 크로크무슈 (15,000원), 리코타 샐러드 (10,000원), 에그 인 헬 (12,000원), 우거지 라구 파스타 (17,000원), 포르치니 버섯 크림 파스타 (17,000원), 봉골레 (17,000원), 갑오징어와 해산물이 어우러진 토마토 파스타 (19,000원), 소고기 채끝 스테이크와 감자그라탕 (45,000원), 오리가슴살 스테이크와 카시스향의 비트와 체리 (38,000원), 양갈비와 감자구이, 샤워크림 (40,000원), 감바스와 반미 바게트, 파스타 (23,000원), 리얼 바닐라빈 프렌치 토스트 (9,500원), 크렘 뷔릴레 (4,000원)",월요일
꼬시꼬시,한식,4.5,28,"서울 서초구 서초중앙로24길 5 맨투맨빌딩 지하1층
(지번) 서초동 1695-20",37.4946974,127.0142876,02-593-9990,"세꼬시 (42,000원), 장어구이 (35,000원)",영업시간 월~금 11:30 ~ 22:00 · 휴게시간 월~금 15:00 ~ 16:00
사당 강고집 (사당본점),"육류,고기",4.3,125,"서울 서초구 방배천로4안길 6 1층
(지번) 방배동 451-7",37.47830632,126.9833745,02-6489-9589,"소갈비살(프라임등급/100g당) (10,983원), 제주오겹살(1등급/100g당) (9,900원), 된장찌개 (4,000원), 육개장 (6,000원), 라면구이 (3,000원)","월,일요일"
우참판 서래본점,"육류,고기",4.1,96,"서울 서초구 서래로 23 이오빌딩
(지번) 반포동 96-7",37.49711908,126.9980821,02-537-5940,메뉴 없음,영업시간 월~금 11:30 ~ 22:00 · 휴게시간 월~금 14:30 ~ 17:00
너땜에한잔,술집,4.3,54,"서울 서초구 방배천로2안길 23
(지번) 방배동 451-26",37.4779866,126.9837467,02-588-4045,"날치알계란찜 (11,900원), 삽겹살비빔면 (11,900원), 떠먹는 페페로니피자 (13,900원), 두부김치 (13,900원), 먹태구이 (13,900원), 감바스 (15,900원), 치즈떡볶이 (14,900원), 로제떡볶이 (15,900원), 황제해물짬뽕 (19,900원), 묵은지 돼지 김치찌개 (16,900원), 맑은홍합조개탕 (16,900원), 바지락 술찜 (10,900원), 트러플 짜파게티 (10,900원), 악마의 콘-치즈 (10,900원), 트러플 감자튀김 (10,900원), 꿀 토마토 (10,900원)","영업시간 월,일 17:00 ~ 24:00"
이수통닭 본점,치킨,3.2,23,"서울 서초구 방배천로 92 세앙아르비체 102동 107,108호
(지번) 방배동 425-1",126.9833839,37.4846171,02-581-8892,"이수 생생 통닭+파골뱅이 (27,000원), 후라이드 치킨+파골뱅이 (28,000원), 반반 치킨+파골뱅이 (29,000원), 양념 치킨+파골뱅이 (29,000원), 깐풍 치킨+파골뱅이 (29,000원)",영업시간 매일 15:00 ~ 23:00
부다스벨리 파미에스테이션,태국음식,4.3,427,"서울 서초구 신반포로 지하 188 1층 115호
(지번) 반포동 19-11",37.50492674,127.0049499,02-6282-1959,"갱 끼 완 까이 (26,400원), 마사만 커리 누아 (26,400원), 팟 팍 루암 (15,400원), 까이 팟 맷 마 멍 (26,400원), 똠 얌 꿍 (18,700원), pad pak bung faidang (16,500원), laab gai (24,200원), pad kaprow gai (24,200원), pad kaprow muu (24,200원), kana muu grub (26,400원), poo nim pad pong garee (m) (28,600원), Goong Pad Prik Tai Dam (36,300원), Pad Thai Goong (17,600원), Ko Muu Yaang (28,600원), Pla Muk Neung Manao (18,700원), tod man goong(2pcs) (7,700원), som tam(s) (9,900원), yam woonsen tale (26,400원)",영업시간 매일 11:00 ~ 21:00 · 휴게시간 매일 16:00 ~ 17:00
크로스비,와인바,4.6,44,"서울 서초구 양재천로 115 1층
(지번) 양재동 93-7",37.47755596,127.041004,02-576-7754,메뉴 없음,영업시간 월~목 15:00 ~ 01:00
라멘모토 본점,일본식라면,3.7,106,"서울 서초구 신반포로 333 1층
(지번) 잠원동 38-27",37.51093465,127.0201511,0507-1346-2370,"츠케멘 (중/대) (11,000원), 모토라멘(돈코츠라멘) (10,000원), 매운라멘 (10,000원), 매운 츠케멘 (중/대) (11,000원), 새우튀김 (7,000원), 유부초밥 (4,000원), 콜라/사이다 (2,000원), 아사히 병맥주 (7,000원), 카스 병맥주 (4,000원), 차슈 (2,000원), 계란 (1,000원)",영업시간 매일 11:00 ~ 20:30 · 휴게시간 매일 14:30 ~ 17:00
이심전심 언양불고기 본점,"불고기,두루치기",4.1,69,"서울 서초구 서초중앙로22길 18 1층
(지번) 서초동 1658-12",37.4930991,127.0150271,02-585-0600,"보쌈정식 (12,000원), 비빔밀면 (10,000원), 족발(앞발) (45,000원), 한우불고기 (25,000원), 돼지숯불구이 (12,000원), 한우언양불고기 (25,000원), 한돈보쌈 (45,000원), 언양갈비 (28,000원), 불고기 전골 (200g) (15,000원), 한우국밥 (11,000원), 갈비찜 (55,000원)",영업시간 월~토 11:30 ~ 22:00 · 휴게시간 월~토 15:00 ~ 17:00
희래등,중국요리,3.3,17,"서울 서초구 서초대로62길 13 1층
(지번) 서초동 1638-1",37.49476746,127.0195915,02-598-8234,"[추][천] 짜장면 (8,000원), 간짜장 (10,000원), [추][천] 짬뽕 (10,000원), 울면 (11,000원), [인][기] 볶음밥 (10,000원), [겉][바]속][촉] 탕수육 (25,000원), 미니탕수육 (17,000원), 쟁반짜장 (12,000원), 삼선간짜장 (12,000원), 삼선짬뽕 (13,000원), 삼선볶음밥 (12,000원), 탕볶밥 (14,000원), 탕수육셋트 (33,000원), 수제비짬뽕밥 (13,000원), 수제비짬뽕 (13,000원), 차돌박이짬뽕밥 (14,000원), 차돌박이짬뽕 (14,000원), 유린육 (35,000원), 처음처럼 (5,000원), 참이슬후레쉬 (5,000원), 진로이즈백 (5,000원), 카스 (6,000원), 칭따오 (8,000원), 연태고량주 소（125mL） (15,000원), 연태고량주 중（250mL） (25,000원), 연태고량주 대（500mL） (50,000원), 공부가주 소（125mL） (15,000원), 공부가주 중（250mL） (25,000원), 공부가주 대（500mL） (50,000원), 이과두주 125mL (5,000원)",영업시간 매일 10:30 ~ 20:50
하오차이,중국요리,3.3,70,"서울 서초구 효령로 260 정풍빌딩 1층
(지번) 서초동 1459-8",37.48404245,127.0126345,02-523-2700,메뉴 없음,영업시간 매일 11:30 ~ 22:00 · 휴게시간 매일 15:00 ~ 17:00
더 리버사이드 호텔 뷔페 더 가든키친,뷔페,3.1,578,"서울 서초구 강남대로107길 6 더리버사이드호텔 1층
(지번) 잠원동 6-1",37.51856901,127.0180842,02-6710-1133,"주중점심 (성인) (66,000원), 주중저녁 (성인) (88,000원), 주말및 공휴일 (성인) (88,000원), 주중점심 (소인) (33,000원), 주중저녁 (소인) (44,000원), 주말 및 공휴일 (소인) (44,000원)",영업시간 월~토 11:30 ~ 21:30 · 휴게시간 월~금 14:30 ~ 18:00
부일갈비,갈비,3.1,25,"서울 서초구 서초중앙로2길 42 갑목빌딩 1층 101호
(지번) 서초동 1427-6",37.48390525,127.0197038,02-3482-3112,"소금구이 (65,000원), 양념갈비 (64,000원), 꽃등심 (65,000원), 갈비살 (67,000원), 살치살 (70,000원), 육회 (38,000원), 왕갈비탕 (16,000원), 우거지 갈비탕 (12,000원), 물냉면/비빔냉면 (12,000원), 된장찌개 (11,000원), 진갈비살 (38,000원), 생갈비 (70,000원), 차돌박이 (38,000원), 옛날식 생불고기 (26,000원), 회냉면 (13,000원), 버섯육개장 (12,000원), 업진살 (42,000원)",영업시간 매일 11:00 ~ 22:00
이가해장국(이가식당),해장국,4.3,60,"서울 서초구 사평대로 362 2층 이가식당
(지번) 서초동 1302-52",37.5036275,127.0226603,0502-5550-2823,"뼈해장국 (11,000원), 한우소머리국밥 (13,000원), 소고기해장국 (11,000원), 차돌된장 (10,000원), 칡물냉면 (10,000원), 칡비빔냉면 (10,000원), 감자탕(소) (33,000원), 감자탕(중) (41,000원), 감자탕(대) (49,000원), 이가 육전 (33,000원), 한우 소머리수육(중) (39,000원), 이가술국 (25,000원), 수제콩국수 (11,000원), 삼겹살(국내산암돼지)150G (18,000원), 소갈비살100G (18,000원), 계란찜 (5,000원)",영업시간 매일 10:00 ~ 22:00 · 휴게시간 매일 15:30 ~ 17:00
혜림산낙지,"해물,생선",4.1,14,"서울 서초구 서초대로 255 고덕빌딩 지하1층
(지번) 서초동 1717-10",37.4927543,127.0097602,02-592-5288,메뉴 없음,영업시간 월~토 11:00 ~ 22:00
리에또,이탈리안,3.7,465,"서울 서초구 방배천로4안길 20 2층
(지번) 방배동 451-36",37.47900892,126.983379,02-581-5291,메뉴 없음,영업시간 월~금 11:00 ~ 21:20 · 휴게시간 월~금 15:00 ~ 17:00
한우라서더맛있는스테이크,"스테이크,립",4.1,98,"서울 서초구 양재천로23길 10 1층
(지번) 양재동 91-8",37.4781679,127.0410679,02-577-5068,메뉴 없음,영업시간 월~토 11:30 ~ 22:00 · 휴게시간 월~토 15:00 ~ 17:30
육백집,"육류,고기",3.6,72,"서울 서초구 신반포로 177 반포쇼핑타운3동 지하1층
(지번) 잠원동 75-18",37.50609955,127.0034073,02-533-2243,"제육볶음 (11,000원), 차돌박이삼합(1인분) (19,000원), 차돌박이(600g) (49,000원), 국내산생오겹살(600g) (49,000원), 미나리대패삼겹살(600g) (38,000원), 돼지김치찌개 (11,000원), 참치김치찌개 (11,000원), 차돌되장찌개 (11,000원), 순두부찌개 (11,000원), 우삼겹살(600g) (39,000원), 부추삼겹살(600g) (38,000원)",영업시간 매일 11:00 ~ 23:00
양재닭집,치킨,3.1,129,"서울 서초구 남부순환로356길 15 양재시장 지하1층
(지번) 양재동 1-7",37.48431085,127.037966,02-572-1741,"치킨 (16,000원)",영업시간 월~금 15:00 ~ 23:00
하나우동,"돈까스,우동",3,60,"서울 서초구 서초대로78길 38
(지번) 서초동 1327-35",37.49452604,127.0282322,02-523-9920,"돈까스 Set (13,000원), 냉메밀 (10,000원), 튀김우동정식 1人 (13,000원), 김치우동 1人 (10,000원), 굴냄비우동 1人 (10,000원), 유부우동 1人 (8,000원), 오징어 철판볶음밥 1人 (9,500원), 햄 철판볶음밥 1人 (9,500원), 튀김우동 1人 (8,000원), 비빔메밀 1人 (10,000원), 돈까스&카레라이스 1人 (11,000원), 철판볶음밥 Set (13,000원), 베이컨 철판볶음밥 1人 (9,500원), 참치 철판볶음밥 1人 (9,500원), 우동정식 1人 (11,000원), 미니우동 1개 (4,000원), 메밀정식 1人 (11,000원), 판메밀 1人 (9,500원), 냉메밀 1人 (10,000원), 미니메밀 1개 (4,500원), 돈까스 1人 (10,000원)",영업시간 월~토 10:30 ~ 21:00 · 휴게시간 월~토 15:30 ~ 16:30
카페오쎄,카페,3.5,507,"서울 서초구 방배천로4안길 32 1-2층
(지번) 방배동 454-20",126.9834503,37.4794745,02-523-0077,"오쎄 베이커리 (변동가격), 오쎄 브런치 (변동가격), 오쎄 내츄럴 와인 (변동가격)",영업시간 매일 11:00 ~ 23:00
댓짱돈까스 방배본점,"돈까스,우동",3.9,25,"서울 서초구 방배로6길 13 파크에비뉴빌딩 1층
(지번) 방배동 1021-14",37.47923868,127.0000691,02-584-7348,메뉴 없음,영업시간 월~토 11:00 ~ 20:30 · 휴게시간 월~토 15:00 ~ 17:00
피제리아호키포키,피자,3.8,188,"서울 서초구 반포대로9길 28 J하모니빌딩 1층 101호
(지번) 서초동 1485-12",37.48312844,127.0101275,02-523-5747,"치즈피자(14"") (29,000원), 페퍼로니 피자(14"") (27,000원), 피그 앤 올리브 피자(14"") (28,000원), 표고&블루치즈 피자(14"") (34,000원), 카치오 에 페페 피자(14"") (27,000원)",월요일
식위천,중식,4.3,11,"서울 서초구 서초대로26길 10
(지번) 방배동 898-11",37.48733104,126.9943352,02-588-9938,"동파육 (소) (25,000원), 생등심 탕수육 (소) (18,000원), 해물낙지짬뽕 (11,000원), 자장면 (6,000원), 기스면 (8,000원)",영업시간 매일 11:00 ~ 21:30 · 휴게시간 매일 15:00 ~ 16:00
서석대,"육류,고기",3.9,24,"서울 서초구 서초대로 346 동아빌라트 A동 1층 102호
(지번) 서초동 1678-1",37.49509753,127.0194221,02-537-0077,"한우꽃등심(130g) (65,000원), 한우꽃살치(130g) (65,000원), 한우토시살(130g) (69,000원), 한우주물럭(150g) (43,000원), 한우육회(200g) (48,000원)",영업시간 매일 11:30 ~ 22:00 · 휴게시간 매일 15:00 ~ 17:00
에토레,이탈리안,3.2,223,"서울 서초구 신반포로 지하 188 파미에스테이션 1층
(지번) 반포동 118-2",37.50492674,127.0049499,02-6282-3000,"뽀모도로 파스타 (20,000원), 봉골레 파스타 (25,000원), 스파이시 씨푸드 파스타 (29,000원), 버섯 리조토 (21,000원), 프로슈토 까르보나라 (24,000원), 오징어먹물 리조토 (26,000원), 베이컨 크림 뇨끼 (27,000원), 전복 리조토 (28,000원), 가지 라쟈냐 (25,000원), 볼로네제 (25,000원), 화이트 라쟈냐 (25,000원), 시저 샐러드 (18,500원), 슈퍼푸드 샐러드 (19,000원), 크리스피포레이토 (14,000원), 에토레 아란치니 (18,000원), 깔라마리 주키니 튀김 (22,000원), 채끝 등심스테이크 (48,000원), 이베리코 스테이크 (45,000원), 양송이 스프 (14,000원), 어니언 수프 (18,000원), 티본 탈라아타 (89,000원), 달고기 필렛 (40,000원), 로스트 치킨 (35,000원)",영업시간 매일 11:00 ~ 22:00
무아국수,국수,4.2,76,"서울 서초구 강남대로55길 9-15
(지번) 서초동 1327-17",37.49474101,127.0279302,02-523-3335,"도토리묵 (15,000원), 오뎅탕 (18,000원), 낙지해물탕 (28,000원), 두부김치 (18,000원), 골뱅이무침 (30,000원), 돼지숙주볶음 (17,000원), 냉채족발편육 (30,000원), 보쌈 (중) (26,000원), 굴보쌈 (46,000원), 삼합 (46,000원), 생굴 (28,000원), 굴전 (20,000원), 생감자파전 (18,000원), 김치고기전 (16,000원), 보쌈정식 (점심특선) (8,500원), 소고기국밥 (7,500원), 떡만두국 (7,500원), 비빔국수 (6,500원), 멸치국수 (6,500원), 두부국수 (7,500원), 소고기부추비빔밥 (점심특선) (8,500원)",영업시간 월~토 11:30 ~ 23:30
한성돈까스,"돈까스,우동",3.5,230,"서울 서초구 강남대로97길 10 1층
(지번) 잠원동 21-5",37.51475887,127.0190943,02-540-7054,"돈까스 (12,000원), 비후까스 (22,000원), 생선까스 (14,000원), 치킨까스 (12,000원), 히레까스 (14,000원)",영업시간 매일 11:00 ~ 21:30
김태완스시 방배본점,"초밥,롤",4.6,292,"서울 서초구 효령로31길 21 평안빌딩 1층
(지번) 방배동 911-19",37.48213283,126.9960781,0502-5551-5571,"오마카세 한상차림 B (29,000원), 오늘의초밥 (10ps) (15,500원), 스페셜초밥 (11ps) (19,000원), 오마카세스시 (11ps) (27,000원), VIP오마카세 (15ps) (34,000원), 미니사시미 17PS (35,000원), 모듬회 26PS (58,000원), 특모듬회 37PS (78,000원), 연어초밥 (10ps) (23,000원), 광어초밥 (10ps) (21,000원), 오마카세 한상차림 A (39,000원), 활광어회 (48,000원), 연어회 (43,000원)",영업시간 매일 10:30 ~ 22:00
백화네부엌,퓨전한식,3.5,172,"서울 서초구 바우뫼로41길 84 1층
(지번) 양재동 7-2",37.48413576,127.0399514,02-579-8880,메뉴 없음,영업시간 월~토 17:00 ~ 02:00
강남복칼국수,복어,4.2,248,"서울 서초구 서초대로74길 23 서초타운트라팰리스 2층 204호
(지번) 서초동 1327",37.49561193,127.027091,02-3486-0252,"복칼국수 (2인이상) (13,000원), 김치복칼국수 (2인이상) (13,000원), 복국 (15,000원), 복튀김 (소) (25,000원), 복찜 (중) (45,000원)",영업시간 월~금 11:00 ~ 22:00 · 휴게시간 월~금 14:30 ~ 17:00
메종고댕,"제과,베이커리",4.3,61,"서울 서초구 방배로34길 4 정다원빌딩 1층
(지번) 방배동 811-2",37.49227991,126.9912766,02-535-0725,"바게트 트라디시옹 (4,100원)",매일 08:00 ~ 19:00
아소산겐안,"돈까스,우동",4.2,183,"서울 서초구 사평대로56길 7 한일유앤아이 2층 204~206호
(지번) 서초동 1303-10",37.50320728,127.0235199,02-566-6659,"냉소바 (14,000원), 히야시소바 (16,000원), 샐러드소바 (15,000원), 가케소바 (12,000원), 파소바 (14,000원), 에비아게소바 (17,000원), 냉우동 (10,000원), 파우동 (9,000원), 니꾸우동 (10,000원), 야끼우동 (12,000원), 김치치즈카츠동 (10,000원), 소스알밥 (10,500원), 회덮밥 (11,000원), 연어추가 (10,000원), 카레돈카츠 (11,000원), 히레카츠 (10,000원), 카레히레카츠 (12,000원), 치즈돈카츠 (11,000원), 냉돈카츠 (12,000원), 사리추가 (2,000원), 고구마치즈돈카츠 (12,000원), 고구마치즈모듬카츠 (14,000원)",영업시간 월~토 11:00 ~ 21:00 · 휴게시간 월~토 15:30 ~ 17:00
프리퍼커피,커피전문점,4.2,73,"서울 서초구 반포대로5길 4 1층
(지번) 서초동 1475-5",37.48207883,127.0114298,02-2690-0962,메뉴 없음,월~금 08:00 ~ 21:00
자인뭉티기,"육류,고기",4.4,117,"서울 서초구 강남대로37길 24-7 호원빌딩 1층
(지번) 서초동 1363-7",37.48517205,127.0321277,02-597-2158,"육회비빔밥 (9,000원), 육회비빔밥 특 (14,000원), 뚝배기등심덮밥 (10,000원), 뚝배기불고기 (10,000원), 된장찌게 (8,000원), 순두부 (8,000원), 구이정식 (38,000원)",영업시간 월~금 11:00 ~ 22:00 · 휴게시간 월~금 14:30 ~ 16:30
채석강,한식,4.1,54,"서울 서초구 강남대로37길 59 승명빌딩 1층
(지번) 서초동 1365-2",37.48454623,127.0303428,02-586-1052,메뉴 없음,매일 10:00 ~ 22:00 · 휴게시간 매일 16:00 ~ 17:00
수미관,곰탕,4.1,35,"서울 서초구 서초중앙로2길 38 1층
(지번) 서초동 1427-5",37.48381185,127.0195103,02-582-0707,"나주곰탕 (11,000원), 육회비빔밥 (11,000원), 특곰탕 (13,000원), 갈비탕 (16,000원), 육회 (24,000원), 수육 (38,000원), 혼밥세트1（곰탕＋미니육회） (22,000원), 혼밥세트3（육회비빔밥＋미니육회） (22,000원), 혼밥세트4（특곰탕＋미니육회） (24,000원), 혼밥세트5（갈비탕＋미니육회） (27,000원), 혼밥세트6（곰탕＋미니수육） (32,000원), 혼밥세트8（육회비빔밥＋미니수육） (32,000원), 혼밥세트9（특곰탕＋미니수육） (34,000원), 혼밥세트10（갈비탕＋미니수육） (37,000원), 공기밥 (1,000원), 곰탕육수 1팩 (6,000원), （제로）펩시 355mL (2,000원), 사이다 355mL (2,000원), 탐스 （파인애플） 355mL (2,000원), 고랭지배추김치 (12,000원), 석박지（무김치） (12,000원), 1인석박지추가 (1,000원), 곰탕고기추가（뜨겁게） (7,000원), 곰탕고기추가（차갑게） (7,000원), 미니육회 (11,000원), 미니수육 (21,000원)","월,화,수,목,금,일 10:00 ~ 22:00"
동달식당 강남본점,"육류,고기",3.1,39,"서울 서초구 서운로 133
(지번) 서초동 1322-12",37.49537549,127.0247168,02-3471-9700,메뉴 없음,영업시간 매일 11:20 ~ 22:00 · 휴게시간 매일 14:30 ~ 17:00
오선채,한정식,3.3,25,"서울 서초구 남부순환로 2634-8
(지번) 양재동 1-23",37.4845648,127.0386381,02-578-9411,"홍어무침 (20,000원), 해물파전 (20,000원), 홍어삼합 (35,000원), 돼지수육 (30,000원), 북어찜 (20,000원)",영업시간 매일 11:30 ~ 21:00 · 휴게시간 매일 15:00 ~ 17:00
청담동마녀김밥,분식,3,16,"서울 서초구 방배로 89 1층
(지번) 방배동 910-8",37.48226287,126.9967613,02-582-9994,"마녀 김밥 (4,700원), 계란마녀김밥 (5,500원), 참치 김밥 (5,500원), 고추 김밥 (5,000원), 멸치 김밥 (5,000원), 남도묵은지김밥 (5,800원), SET1）김밥2＋떡1＋음료2 (19,500원), 남도묵참김밥 (6,200원), 참치키토김밥 (6,900원), 로제 떡볶이 (8,900원), 마녀 떡볶이 (6,500원), 마녀쫄면 (7,000원), SET2）김밥3＋떡1＋음료3 (26,000원), 돈가스SET）김밥1＋돈가스1＋음료1 (17,000원), 핫도그 김밥 (5,500원), 뚱스팸김밥 (5,800원), 뚱돈까스김밥 (5,800원), 묵참키토김밥 (7,600원), 마녀'밀'떡볶이 (6,500원), 마녀라볶이 (7,000원), 어묵탕 (6,500원), 브라운돈까스（브라운토마토&갈릭 브라운소스） (10,600원), 마녀고기만두 (6,300원), 마녀김치만두 (6,300원), 마녀모둠튀김 (5,800원), 콜라 (2,000원), 스프라이트 (2,000원), 환타 파인 (2,000원), 웰치스 포도 (2,000원), 생수 (1,000원)",매일 08:00 ~ 21:00
서초면옥 서초본점,냉면,3.4,222,"서울 서초구 반포대로28길 46 우진빌딩 1층
(지번) 서초동 1557-7",37.49108859,127.0110288,02-522-1422,메뉴 없음,영업시간 매일 11:00 ~ 21:30
우주,"육류,고기",4.6,12,"서울 서초구 동광로 106 2층
(지번) 방배동 807-9",37.49364555,126.9938576,02-2138-0881,"정찬(봄) (180,000원), 만찬 (120,000원), 점심정찬 (90,000원), 오찬 (60,000원), 건조숙성정찬 (변동가격)",영업시간 월~토 12:00 ~ 22:00 · 휴게시간 월~토 15:00 ~ 17:00
무한쌈밥집,쌈밥,4,187,"서울 서초구 강남대로93길 23-10
(지번) 잠원동 36-27",37.51240152,127.0188512,02-3444-6920,메뉴 없음,매일 00:00 ~ 24:00
릿 잇 타미,햄버거,4,283,"서울 서초구 방배천로2안길 31 1층
(지번) 방배동 451-31",37.47838188,126.9837773,02-525-1976,"TOMMY'S SIGNATURE NO.1 (10,900원), TOMMY'S SIGNATURE NO.2 (10,900원), CLASSIC AMERICAN CHEESE (9,900원), BLACK SPICY BURGER (12,900원), LIT IT CHICKEN BURGER (11,900원), DOUBLE FULLY LOADED BURGER (16,900원), FRENCH FRIES (6,800원), DOUBLE CHEEDAR CHEESE FRIES (8,800원), SPICY FRIES (8,800원), TRUFFLE PARMESAN FRIES (8,800원), SWEET POTATO FRIES (10,800원)",영업시간 월~토 11:00 ~ 22:00 · 휴게시간 월~금 15:00 ~ 17:00
멘야시노기,일본식라면,4.5,172,"서울 서초구 주흥길 3 1층 108호
(지번) 반포동 745-6",37.50375587,127.020793,02-6405-6505,"돈코츠라멘 (9,000원), 매운돈코츠라멘 (9,500원), 츠케멘 (10,000원), 아부라소바 (9,000원)",영업시간 월~토 11:30 ~ 20:00 · 휴게시간 월~토 14:30 ~ 17:00
다피타시그니처,이탈리안,3.9,59,"서울 서초구 서초대로 3-4 방배디오슈페리움1 1층 106호
(지번) 방배동 3001-2",37.48603179,126.9830837,0507-1351-1007,메뉴 없음,영업시간 매일 11:30 ~ 22:00
몬탁,"제과,베이커리",4.4,298,"서울 서초구 서초대로32길 8 1층
(지번) 방배동 894-20",37.4883227,126.9969547,070-7585-1101,유자 아몬드 크로아상 (0원),매일 09:00 ~ 19:30
청계손국시,국수,3.5,20,"서울 서초구 동산로 9-5 1층
(지번) 양재동 326-4",37.46939427,127.0404162,02-573-0643,"사골손칼국수 (9,500원), 사골떡만두국 (9,500원), 사골만두국 (9,500원), 당귀닭곰탕 (9,500원), 왕만두 (8,000원), 콩국수 (9,500원)",월~금 10:00 ~ 20:00 · 휴게시간 월~금 14:30 ~ 18:00
진동횟집,회,4,29,"서울 서초구 나루터로 58 1층
(지번) 잠원동 18-2",37.51491234,127.0165217,02-549-2179,"바다메기탕(겨울) (18,000원), 도다리쑥국(봄철) (18,000원), 된장뚝배기(1인) (7,000원), 초밥(1인10p) (20,000원), 세꼬시(넙치,전어) (43,000원), 모듬(숭어,가오리,병어) (43,000원), 도미(국내산or일본산) (45,000원), 대광어 (45,000원), 방어 (45,000원), 전어 (변동가격), 가오리 (45,000원), 멸치 (35,000원), 생미더덕1접시 (30,000원), 호래기 (변동가격), 세꼬시정식(점심메뉴) (25,000원), 생대구탕(점심메뉴) (15,000원), 생선매운탕(점심메뉴) (15,000원), 회덮밥(점심메뉴) (11,000원), 알탕(점심메뉴) (10,000원), 누룽지(점심메뉴) (7,000원), 고등어자반구이(점심메뉴) (10,000원)",영업시간 매일 11:30 ~ 22:00 · 휴게시간 매일 14:00 ~ 16:30
통영횟집,회,4.1,20,"서울 서초구 강남대로97길 19 1층 101호
(지번) 잠원동 26-7",37.5144854,127.018629,02-544-8969,메뉴 없음,영업시간 매일 17:00 ~ 22:30
까르니브라질그릴,"멕시칸,브라질",4.3,208,"서울 서초구 방배로 83-9 동화빌딩 5층
(지번) 방배동 909-4",37.48205212,126.9966545,02-598-5066,메뉴 없음,영업시간 월~금 11:30 ~ 22:00 · 휴게시간 월~금 14:30 ~ 17:00
한양돈까스,"돈까스,우동",3.9,185,"서울 서초구 양재천로 107-19 1층
(지번) 양재동 96",37.47723461,127.0395544,02-577-8120,"등심돈까스 (11,000원), 치킨까스 (13,000원), 치즈돈까스 (16,000원), 카레라이스 (9,500원), 순살간장치킨 (27,000원), 닭모래집튀김 (22,000원), 한양골뱅이 (26,000원), 순살정양고추치킨 (25,000원), 해운대어묵탕 (23,000원), 먹태&땅콩 (20,000원), 냉모밀(여름) (9,000원), 어묵우동(겨울) (9,000원)",영업시간 월~금 11:30 ~ 22:00
카사이,일본식주점,4.8,72,"서울 서초구 서초대로48길 107 지하1층
(지번) 서초동 1579-1",37.48825339,127.0127447,02-598-0988,"사시미2인 (45,000원), 마구로슈토치즈아에 (23,000원), 토마토다시츠케 (14,000원), 베이컨포테이토사라다 (13,000원), 프로슈토마구로 (26,000원)",영업시간 월~토 17:30 ~ 00:30
신촌서서갈비,갈비,4.2,10,"서울 서초구 반포대로22길 85
(지번) 서초동 1569-10",37.49110814,127.0128233,02-523-9293,메뉴 없음,월~금 10:00 ~ 23:00
신숙,국수,3.4,142,"서울 서초구 법원로3길 21 1층
(지번) 서초동 1709-2",37.4929876,127.00826,02-596-9295,"해초칼국수 (12,000원), 빈대떡 (12,000원)",영업시간 월~금 11:30 ~ 20:00 · 휴게시간 월~금 14:00 ~ 17:00
시골야채된장전문점,한식,3.5,140,"서울 서초구 강남대로69길 11 삼미빌딩 1층
(지번) 서초동 1308",37.50147549,127.024267,02-3482-7626,"청국장 (12,000원), 시골야채된장비빔밥 (10,000원), 제육볶음 (25,000원), 김치전골 (12,000원), 목살김치된장 (12,000원), 꽁치김치전골 (13,000원), 통북어찜 (12,000원), 생삼겹살 (19,000원), 감자탕(중) (35,000원), 감자탕(대) (40,000원), 닭볶음탕(중) (45,000원), 닭볶음탕(대) (50,000원)",매일 09:00 ~ 22:00 · 휴게시간 매일 15:00 ~ 17:00
월화당,한식,4.3,26,"서울 서초구 사평대로22길 9 1층
(지번) 반포동 94-13",37.49920517,126.9977975,02-537-9257,"만두국 (10,000원), 떡만두국 (10,000원), 만두전골 (1인) (15,000원), 군만두 (8개) (8,000원), 물만두 (12,000원), 새우만두 (8개) (8,000원), 고기만두 (8개) (7,000원), 김치만두 (7,000원), 탕수육 (18,000원), 월화당냉채 (30,000원)",영업시간 매일 10:30 ~ 22:00
육갑식당 방배본점,한식,3.8,53,"서울 서초구 방배중앙로 166 1층
(지번) 방배동 777-5",37.49383929,126.9865437,02-596-9292,"육갑 (23,000원), 육갑꽃살 (32,000원), 육갑등심 (31,000원), 육갑""생""삼겹살 (17,000원), 육갑돼지갈비 (17,000원), 육갑목살(이베리코) (17,000원), 육갑꽃돼지(이베리코늑간) (17,000원), 육갑차돌박이 (21,000원), 육회 (15,000원), 육갑LA갈비 (24,000원)",영업시간 월~금 15:00 ~ 24:00
7번방,실내포장마차,3.4,922,"서울 서초구 서초대로77길 43
(지번) 서초동 1308-5",37.50139147,127.02491,0507-1402-3554,"DMP샤베트 (23,900원), 슈바인학센 (32,900원), 치즈김치전말이 (24,900원), 마라로제떡볶이 (23,900원), 로제치킨파스타 (22,900원), 치킨국물라볶이 (23,900원), 타코야끼 (19,900원), 사천탕수육 (22,900원), 해물오꼬노미야끼 (23,900원), 차돌야끼우동 (22,900원), 오꼬계란말이 (25,900원), 나가사끼짬뽕탕 (24,900원), 차돌박이짬뽕탕 (24,900원), 모듬오뎅탕 (24,900원), 벌집껍데기 (19,900원), 모듬전 (25,900원), 순살닭볶음탕 (25,900원), 치즈닭갈비&주먹밥 (25,900원), 삼겹두부김치 (23,900원), 바지락술찜 (24,900원), 김치전골 (24,900원), 순살치킨&골뱅이 (28,900원)",영업시간 매일 15:00 ~ 10:00
돝플러스,"육류,고기",4.7,97,"서울 서초구 서초대로25길 55 1층
(지번) 방배동 851-18",37.49019409,126.9928216,02-536-9233,메뉴 없음,영업시간 월~토 17:00 ~ 23:00
서초고깃간,"육류,고기",5,14,"서울 서초구 서초대로 251 삼우빌딩 1층
(지번) 서초동 1718-6",37.49256495,127.0092329,02-3477-1972,"한우 1++ VIP 모둠구이(500g) (150,000원), 한우 1++ 등심 (150g) (35,000원), 한우 1++모둠 (500g) (130,000원), 한우 1++ 갈비살 (150g) (35,000원), 한우 육회 (200g) (20,000원), 한우 1++ 꽃갈비살 (110g) (35,000원), 한우 1++ 살치살 (110g) (35,000원), 한우 1++ 업진살 (110g) (35,000원), 한우 1++ 새우살 (100g) (35,000원), 한우 1++ 안창살 (100g) (35,000원), 한우 1++ 치마살 (100g) (35,000원), 한우 1++ 안심 (100g) (35,000원)",영업시간 월~금 11:30 ~ 22:00 · 휴게시간 월~금 14:00 ~ 17:00
미스터최스파게티,이탈리안,4.9,26,"서울 서초구 서초대로24길 25
(지번) 방배동 935-27",37.48631179,126.9937639,02-3473-8810,메뉴 없음,영업시간 매일 11:30 ~ 21:00
신이주신선물오리고기,오리,4.2,77,"서울 서초구 신반포로 334 1층
(지번) 반포동 706-3",37.51052944,127.0203081,02-567-7974,"한방유황오리백숙 (중) (75,000원), 코스요리 (80,000원), 유황생오리구이 (750g) (60,000원), 유황생오리양념불고기 (중) (60,000원), 유황훈제구이 (600g) (60,000원), 오리전골 (중) (55,000원), 오리탕 (2인이상) (11,000원), 명품김치찌개 (2인이상) (10,000원), 물냉면 (8,000원), 비빔냉면 (8,000원), 해신탕 (변동가격), 오리탕(2인이상) (11,000원), 명품김치찌개(2인이상) (10,000원)",영업시간 매일 11:00 ~ 23:00
미니말레 커피뢰스터 양재본점,카페,4.5,760,"서울 서초구 강남대로10길 32 1층
(지번) 양재동 329-11",37.46882878,127.041238,02-6104-4239,메뉴 없음,월~금 08:00 ~ 19:00
카페 콘띠오 ConTio,카페,4.7,65,"서울 서초구 언남길 35 1층 101호
(지번) 양재동 250-6",37.47279955,127.04171,010-3281-5525,"아메리카노 (4,700원), 라떼 (5,500원), 메이플라떼 (6,000원), 허니라떼 (6,500원), 루이보스 (5,500원)",월~금 07:00 ~ 21:00
이여곰탕,곰탕,3.9,103,"서울 서초구 서초대로46길 19-15
(지번) 서초동 1555-9",37.4918377,127.0108676,02-598-9337,메뉴 없음,월~금 10:00 ~ 22:00
카몽,디저트카페,4.6,129,"서울 서초구 서초대로42길 17 1층
(지번) 서초동 1552-2",37.49120833,127.0089395,02-522-5949,메뉴 없음,월~금 08:30 ~ 22:00
경성회관,"육류,고기",4.5,109,"서울 서초구 서초대로55길 3 1층
(지번) 서초동 1696-13",37.49521657,127.0156172,02-566-4332,"암돼지삼겹살 (18,000원), 암돼지소금구이 (18,000원), 꼬들살 (18,000원), 꽃등심 1++ (36,000원), 모듬갈비살 1++ (34,000원), 차돌박이 1+ (29,000원), 안창살 1++ (46,000원), 새우살 (52,000원), 한우육회 (25,000원), 육사시미 (35,000원), 한우국밥 (10,000원), 통돼지찌개 (10,000원), 한우된장찌개 (10,000원), 육회비빔밥 (12,000원), 춘천막국수 (9,000원), 갈비탕 (15,000원), 한우생불고기정식 (25,000원)",월~토 10:00 ~ 22:00
도프피자베이커스,피자,3.9,155,"서울 서초구 동산로2길 41 1층
(지번) 양재동 346-8",37.46832057,127.0431169,070-4647-2040,"도프 부쳐스（P） (12,800원), 치폴레 타코스（p） (13,800원), 바질 그리너리（P） (11,800원), 트러플 프렌치프라이 (8,800원), 트러플 화이트（P） (10,800원), 뉴욕 슈프림（P） (12,300원), 퀸 마르게리따（P） (11,300원), 페퍼로니 플래닛（P） (9,200원), 하와이안 선셋（P） (11,300원), 치즈 오리진（P） (8,300원), 하프 & 하프（L） (24,800원), 도프 부쳐스（L） (34,200원), 치폴레 타코스（L） (36,500원), 바질 그리너리（L） (32,400원), 트러플 화이트（L） (28,400원), 뉴욕 슈프림（L） (33,200원), 퀸 마르게리따（L） (29,400원), 페퍼로니 플래닛（L） (25,400원), 하와이안 선셋（L） (29,400원), 치즈 오리진（L） (22,800원), 버팔로 핫윙 (11,300원), 웨지 감자 (5,800원), 크림 치즈볼 (5,800원), 수제 코울슬로 (3,000원), 코카콜라 500mL (2,000원), 코카콜라1.25L (3,000원), 스프라이트 500mL (2,000원), 스프라이트1.5L (3,000원), 닥터페퍼 （캔） 355mL (2,000원), 제로콜라 （캔） 355mL (2,000원)",영업시간 월~금 11:30 ~ 21:30 · 휴게시간 월~금 15:00 ~ 16:30
석운가든,한식,3.7,17,"서울 서초구 청계산로 245 1층
(지번) 신원동 192-75",37.44396811,127.0585616,02-579-3314,메뉴 없음,영업시간 매일 11:00 ~ 21:00 · 휴게시간 월~금 15:00 ~ 16:30
스시환,"초밥,롤",3.8,43,"서울 서초구 서초중앙로 38
(지번) 서초동 1603-20",37.48546794,127.0162753,02-523-3700,"연어초밥 （6PCS） ＋ 꽃등심초밥 （6PCS） (22,000원), 광어초밥 （6PCS） ＋ 꽃등심초밥 （6PCS） (22,000원), 광어초밥 （6PCS） ＋ 연어초밥 （6PCS） (22,000원), 계절초밥 (23,000원), 모듬초밥 (16,000원), 추천초밥 (20,000원), 나가사키 짬뽕 (16,000원), 생연어초밥 (22,000원), 광어초밥 (22,000원), 참치초밥 (21,000원), 특초밥 (28,000원), 새우튀김 (8,000원), 회덮밥 (12,000원), 모듬회（소） (45,000원), 모둠회（대） (65,000원), 참치초밥（5PCS）＋연어초밥（5PCS） (21,000원), 도미 (5,000원), 도미뱃살 (5,500원), 광어 (5,000원), 참치 (5,000원), 연어 (5,000원), 연어뱃살 (5,000원), 간장새우 (4,600원), 초새우 (4,600원), 꽃등심 (5,000원), 광어지느러미 (5,000원), 전복 (6,000원), 계란말이 (3,500원), 소라 (4,500원), 날치알 마끼 (4,000원)",영업시간 월~토 11:00 ~ 22:00 · 휴게시간 월~토 14:30 ~ 16:30
아빠곰 수제돈까스,"돈까스,우동",3.5,82,"서울 서초구 사평대로56길 7 1층 114호
(지번) 서초동 1303-10",37.50320728,127.0235199,0507-1393-9433,메뉴 없음,영업시간 월~토 11:00 ~ 21:00 · 휴게시간 월~토 15:00 ~ 16:00
금도양꼬치,양꼬치,4.4,15,"서울 서초구 동산로2길 43 1층
(지번) 양재동 346-7",37.4682362,127.0432164,02-577-3628,"마라탕 (100g) (1,800원), 마라샹궈 (100g) (3,200원), 고급양갈비 (300g) (30,000원), 양꼬치 (16,000원), 생양꼬치 (16,000원), 양갈비살꼬치 (18,000원)",영업시간 월~금 11:30 ~ 22:00 · 휴게시간 월~금 14:00 ~ 16:00
행복찹쌀떡,"떡,한과",4.1,11,"서울 서초구 방배로 248 1층
(지번) 방배동 773-1",37.49512459,126.9893171,1661-1281,"행복찹쌀떡 20개입 (30,000원)",매일 08:00 ~ 22:00
오우치,일식,4.7,88,"서울 서초구 효령로 266 2층
(지번) 서초동 1458-4",37.48417429,127.0132553,02-6013-8545,"양살치살 (32,000원), 생양등심 (29,000원), 생양갈비 (33,000원), 프리미엄양갈비 (37,000원), 타마고밥 (2,500원), 냉모밀 (4,000원), 모시조개탕 (15,000원), 우동(계절메뉴) (6,000원)",영업시간 매일 11:30 ~ 22:30 · 휴게시간 매일 14:00 ~ 17:00
소소정 방배본점,한식,3.4,134,"서울 서초구 동광로 68 1층
(지번) 방배동 813-8",37.49249155,126.9900312,02-536-8666,"정선콩국수 (11,000원), 흑임자콩국수 (110,000원), 강원도 감자전 (10,000원), 소 갈비살 (19,000원), 육회비빔밥+찰솥밥 (13,000원), 한우 육회 (25,000원), 왕갈비탕+찰솥밥 (18,000원), 옛날 불고기 (20,000원), 양념 소갈비 (21,000원), 육회 비빔밥+찰솥밥 (13,000원), 삼겹살 (16,000원)",영업시간 월~토 11:00 ~ 22:00 · 휴게시간 월~토 15:30 ~ 16:30
더진미평냉,냉면,3.6,182,"서울 서초구 서초중앙로 58 피앤디 솔로빌 지하2층
(지번) 서초동 1623-3",37.48714373,127.0155939,02-525-8839,"편육 (32,000원), 편육반 (16,000원), 제육 (34,000원), 제육반 (17,000원), 냉제육반 (17,000원), 불고기 (1인분) (28,000원), 어복쟁반(대) (90,000원), 어복쟁반(중) (60,000원), 쟁반고기추가 (50,000원), 냉면 (15,000원), 비빔면 (15,000원), 온면 (15,000원), 혼냉정식 (25,000원), 냉면곱빼기 (19,000원), 냉면사리 (11,000원), 만두국 (15,000원), 접시만두 (15,000원), 만두반접시 (7,500원)",영업시간 매일 11:00 ~ 21:30
금강바베큐,치킨,3.8,46,"서울 서초구 사평대로 349 1층
(지번) 반포동 746-9",37.50381111,127.0212929,02-511-0976,메뉴 없음,영업시간 월~금 15:30 ~ 24:00
기꾸,"초밥,롤",3.6,56,"서울 서초구 동광로1길 112 롯데캐슬헤론 제1층 104호
(지번) 방배동 754-1",37.49699665,126.9847253,02-525-6530,"스시(점심) (60,000원), 사시미코스(점심) (130,000원), 스시(저녁) (70,000원), 사시미코스(저녁) (130,000원), 김초밥 (15,000원)",월요일
들밥나들이,한식,4.3,22,"서울 서초구 원터길 19 1층
(지번) 원지동 414-10",37.44350494,127.0564399,02-574-9949,메뉴 없음,매일 09:30 ~ 20:30
커피라운지55,커피전문점,4.6,11,"서울 서초구 반포대로 9 1층
(지번) 서초동 1463-10",37.4813928,127.0123065,02-525-7705,메뉴 없음,월~금 09:00 ~ 19:00
에쌍스,양식,3.6,153,"서울 서초구 반포대로4길 12 석탑빌딩 1층
(지번) 서초동 1451-86",37.48183517,127.013367,010-8010-5099,"사워도우 (6,000원), 브리오슈 (5,000원), 부라타 (25,000원), 북방 도화 새우 (25,000원), 오리테린 (16,000원), 닭간무스 (23,000원), 에스카르고 (27,000원), 아티초크 (29,000원), 그레프 그라탕 (28,000원), 가리비 관자 (33,000원), 홍합 스파게티니 (31,000원), 가자미 (39,000원), 송아지 안심 스테이크 (55,000원), 레드 와인 소르베 (13,000원), 크렘 브륄레 (13,000원)",영업시간 매일 12:00 ~ 22:00 · 휴게시간 매일 14:30 ~ 17:30
한양왕족발,"족발,보쌈",3.6,77,"서울 서초구 방배천로2안길 15
(지번) 방배동 450-23",37.47765268,126.9837282,02-523-3006,"족발 (소) (31,000원), 보쌈 (소) (31,000원), 직화불족발 (소) (31,000원)",영업시간 매일 15:00 ~ 24:00
돈키,"돈까스,우동",4.1,151,"서울 서초구 방배천로18길 10 1층
(지번) 방배동 437-4",37.48257041,126.9832286,02-599-2747,"로스카츠 정식 (11,000원), 히레카츠 정식 (12,000원), 생선까스 정식 (12,000원), 오징어까스 정식 (14,000원), 모둠 정식 (14,000원), 치킨까스 정식 (10,000원), 비후카츠 정식 (14,000원), 새우까스 정식 (14,000원), 굴까스 정식 (14,000원), 로스＋생선까스 정식 (13,000원), 볼카츠정식 (10,000원), 콜라 (2,000원), 사이다 (2,000원), 제로콜라 (2,000원), 환타오렌지 (2,000원), 환타포도 (2,000원)",영업시간 매일 11:30 ~ 20:30 · 휴게시간 매일 15:00 ~ 16:30
다리원,중국요리,3.9,90,"서울 서초구 효령로31길 6 1층
(지번) 방배동 909-7",37.48160802,126.9969117,02-522-7275,"짜장 (6,000원), 삼선짬뽕 (8,000원), 삼선볶음밥 (8,000원), 탕수육 (23,000원), 양장피 (33,000원)",매일 10:00 ~ 22:00
맛집곱창구이,"곱창,막창",4,515,"서울 서초구 방배천로2안길 23 1층
(지번) 방배동 451-26",37.4779866,126.9837467,02-521-9667,"마늘곱창 (1인분) (29,000원), 모듬곱창 (1인분) (27,000원), 황소곱창 (1인분) (28,000원), 대창구이 (1인분) (26,000원), 막창구이 (1인분) (27,000원), 특양구이 (1인분) (28,000원), 염통구이 (1인분) (18,000원), 볶음밥 (4,000원), 된장찌개 (4,000원)",영업시간 월~금 14:00 ~ 24:00
바지락명가 서초본점,"해물,생선",3.4,25,"서울 서초구 서초대로 317 건원빌딩 지하 1층
(지번) 서초동 1691-8",37.49475039,127.0163047,02-599-8707,메뉴 없음,영업시간 월~금 11:20 ~ 21:30 · 휴게시간 월~토 14:00 ~ 17:00
은혜식당,한식,4.6,10,"서울 서초구 방배천로8길 8 1층
(지번) 방배동 453-11",37.48044779,126.9830483,02-597-2566,메뉴 없음,영업시간 월~토 10:40 ~ 21:00 · 휴게시간 월~금 14:30 ~ 16:30
이자카야비원,일본식주점,4.3,53,"서울 서초구 방배천로2길 21 지하 1층
(지번) 방배동 449-6",37.47725653,126.9838788,02-3474-9002,"모듬꼬치 7본+미니명란계란말이 (28,500원), 모듬꼬치 11본+미니명란계란말이 (37,000원), 모듬꼬치 17본+미니명란계란말이 (57,000원), 밀푀유나베 (29,900원), 모듬가라아게 (29,900원), 메로구이 (24,000원), 해물떡볶이 (25,000원), 모찌리도후 (9,900원), 명란마요 (23,000원), 오꼬노미야끼 (19,900원), 치킨가라아게 (21,000원), 가지튀김 (19,900원), 이카(오징어) 덴뿌라 (23,000원), 에비(새우) 덴뿌라 (23,000원), 나가사키짬뽕 (25,000원), 해물짬뽕 (25,000원), 오뎅나베 (23,000원), 바지락술찜 (21,000원), 소고기타다끼 (24,000원), 연어사시미 (29,900원)","영업시간 월,화,수,목,일 15:00 ~ 01:00"
루스티크,"제과,베이커리",4.4,26,"서울 서초구 반포대로21길 39
(지번) 서초동 1523-7",37.48690174,127.0082956,02-423-7776,"통밀무화과캄파뉴 (0원), 맘모스빵 (0원), 에스프레소 (가격정보 없음), 카페라떼 (가격정보 없음), 아메리카노 (가격정보 없음), 카푸치노 (가격정보 없음), 카페모카 (가격정보 없음), 바닐라라떼 (가격정보 없음), 몽블랑 (0원), 딸기생크림케이크 (0원), 녹차라떼 (가격정보 없음), 핫초코 (가격정보 없음), 로열밀크티 (가격정보 없음), 얼그레이 (가격정보 없음), 국화차 (가격정보 없음), 녹차 (가격정보 없음), 재스민 (가격정보 없음), 유자차 (가격정보 없음), 수제모과차 (가격정보 없음), 레몬차 (가격정보 없음), 모과차 (가격정보 없음), 라떼 (가격정보 없음), 스무디 (가격정보 없음), 딸기스무디 (가격정보 없음), 망고스무디 (가격정보 없음), 아이스티 (가격정보 없음), 딸기 (가격정보 없음), 팥빙수 (가격정보 없음), 앙팡&슈스틱 (0원)",월요일
시올돈,"돈까스,우동",4,213,"서울 서초구 동광로3길 91 1층 103호
(지번) 방배동 766-4",37.49498978,126.9842964,010-9720-7527,메뉴 없음,"영업시간 월,화,수,목,일 11:30 ~ 20:30 · 휴게시간 월 14:30 ~ 17:30"
버거베어 프리다이너 양재본점,햄버거,4,91,"서울 서초구 양재천로 95-8 스퀘어98 1층
(지번) 양재동 98-6",37.47630238,127.0394307,02-445-6021,"한우 어니언 치즈 버거 (7,900원), [오늘의 픽] 제주 흑돈 버거 (8,500원), 한우 뉴트로 오리진 버거 (8,300원), 100% 리얼 쉬림프 버거 (8,700원), 더블 미트버거 (11,000원), [ 매장판매 1위 ] 뉴트로오리진버거 세트 (12,300원), [오늘의 픽] 흑돈버거세트 (12,500원), 100% 리얼쉬림프버거세트 (12,700원), 더블 미트 버거 세트 (15,000원), 치킨집보다 맛있는 [치킨윙] 6ps (6,500원), 불백 버거 (5,800원), 어니언 치즈버거 (7,900원), 불백 더블 버거 (8,800원), [가성비 최고 ] 진짜 불고기 버거세트 (9,800원), 어니언 치즈버거세트 (11,900원), 불백 더블 버거 세트 (12,800원), 기본감자튀김 (3,500원), 해쉬브라운 (1,500원), 치킨텐더 (3,500원), 치즈스틱 (4,000원), 코카 콜라 355mL (2,000원), 펩시 제로콜라 355mL (2,000원), 칠성사이다 355mL (2,000원), 제로사이다 355mL (2,000원)",영업시간 월~금 11:00 ~ 22:00 · 휴게시간 월~금 15:30 ~ 17:00
까르보마마,이탈리안,3.7,34,"서울 서초구 강남대로16길 21 1층
(지번) 양재동 313-5",37.47117776,127.0400538,02-574-7421,메뉴 없음,월요일
북촌순두부&쭈꾸미 방배본점,두부전문점,3.7,22,"서울 서초구 방배로 119-1 룡은빌딩 1층
(지번) 방배동 925-7",37.48475924,126.9951517,02-522-1474,"철판쭈꾸미 (1인) (15,000원), 두부곱창전골 (35,000원), 해물순두부 (9,000원), 곤드레정식 (12,000원), 꼬막비빔밥 (13,000원)",월~금 09:30 ~ 21:00
플랫다이닝카페,카페,3.8,56,"서울 서초구 서초중앙로22길 22-7 1층 101호
(지번) 서초동 1659-2",37.4929049,127.0153368,02-598-1224,"젠틀커피 (4,000원), 카페라떼 (5,000원), 바닐라라떼 (5,500원), 플랫 브레드 (12,000원), 로제파스타 (11,000원), 플랫 브런치 (16,900원), 기버터 오븐구이 스테이크 (38,000원), 연어치즈샐러드 (18,000원), THE건강한 샐러드 (10,000원)",매일 10:00 ~ 21:00
심야식당,술집,3.4,75,"서울 서초구 남부순환로356길 58
(지번) 양재동 10-56",37.48244428,127.0383536,02-571-1056,메뉴 없음,영업시간 매일 17:00 ~ 02:00
서래오뎅,오뎅바,4,96,"서울 서초구 사평대로26길 22
(지번) 반포동 92-4",37.49925258,126.9989626,02-591-5505,"오뎅꼬치 (1개) (2,500원), 오뎅탕 (2층/8개) (20,000원), 유부주머니 (2,500원), 닭꼬치 (4개) (15,000원), 닭껍질꼬치 (4개) (15,000원), 닭날개꼬치 (4개) (15,000원), 베이컨꼬치 (4개) (15,000원), 삼겹살꼬치 (4개) (15,000원), 모듬꼬치 (6개) (20,000원), 대하구이 (4개) (20,000원), 해물떡볶이 (23,000원), 닭발볶음 (23,000원), 메로구이 (24,000원), 소시지구이 (22,000원), 키조개관자구이 (22,000원), 시사모구이 (15,000원), 은행구이 (15,000원), 떡구이 (14,000원), 모듬튀김 (25,000원), 새우튀김 (23,000원), 오징어튀김 (22,000원), 치킨가라아게 (22,000원), 새우깡 (15,000원), 고로케 (15,000원), 야끼소바 (22,000원), 오꼬노미야끼 (20,000원), 해물버터구이 (19,000원), 골뱅이무침 (25,000원), 연어샐러드 (25,000원), 참치타다끼 (24,000원), 참치&나또 샐러드 (24,000원), 타코와사비 (15,000원), 참치회 (36,000원), 계란말이 (20,000원), 우동/소면 (7,000원)",영업시간 월~토 17:00 ~ 24:00
이누식당,양식,4,318,"서울 서초구 서초대로27길 33 예전빌딩 101호
(지번) 방배동 850-31",37.48948047,126.9940649,010-9337-8947,메뉴 없음,"월,일요일"
레프레미스,"제과,베이커리",4.2,36,"서울 서초구 남부순환로337길 36 1층
(지번) 서초동 1430-1",37.48434893,127.0206385,02-571-3127,"6개입 세트 (20,000원), 12개입 세트 (38,000원), 18개입 세트 (56,000원), 24개입 세트 (74,000원), 개별 마카롱 (3,000원)","월,일요일"
앨리스프로젝트,디저트카페,4.7,157,"서울 서초구 양재천로 107-4 1층
(지번) 양재동 95-10",37.47700341,127.0403696,070-4233-0505,"2024 연말 테이블세트 (예약제) (35,000원), 피스타치오 레몬 케이크 (9,000원), 타임 케이크 (8,000원), 비트&파슬리 (11,000원), 커리&화이트 초코 (11,000원), 자스민&배 (10,000원), 고수 파블로바 (9,000원), 머랭롤라드 (8,500원), 크럼블 아이스크림 (테이크아웃) (5,000원), 아이스크림 테스터 (10,000원), 쌀&바닐라 루이보스 (10,000원), 아티초크&디종 머스터드 (11,000원)","영업시간 월,목,일 12:00 ~ 19:00"
홍천한우,"육류,고기",4,127,"서울 서초구 효령로55길 47 1~3층
(지번) 서초동 1595-8",127.0140332,37.4869679,02-586-0513,메뉴 없음,영업시간 월~금 11:00 ~ 22:00
라비드쿤,양식,3.7,199,"서울 서초구 마방로2길 15-5 1층
(지번) 양재동 249-13",37.47310137,127.0394074,010-9097-0709,"단호박 새우 오일 짧은 파스타 (16,000원), 글라시 토마토 로제 리조또 (18,000원), 매콤 토마토 소고기 파스타 (18,000원), 라구 토마토 라자냐 (18,000원), 야채 샐러드 (11,000원), 버섯 감자 양파 뇨끼 (가격정보 없음)",영업시간 월~금 11:30 ~ 21:00 · 휴게시간 월~금 15:00 ~ 17:00
청솔게르마늄감자탕,감자탕,4,43,"서울 서초구 반포대로30길 53 조광빌딩 지하1층
(지번) 서초동 1572-15",37.49244808,127.0114031,02-585-5872,"감자탕(대) (48,000원), 감자탕(중) (38,000원), 감자탕(소) (28,000원), 해장국 (11,000원), 볶음밥 (2인 기준) (6,000원), 해물전 (15,000원)",월~금 09:30 ~ 21:30
아카사카일식 강남역본점,일식,3.5,156,"서울 서초구 서초대로74길 23 서초타운트라팰리스 지하1층 2호
(지번) 서초동 1327",37.49561193,127.027091,02-585-1145,메뉴 없음,월~금 10:00 ~ 22:00 · 휴게시간 월~토 14:30 ~ 17:00
바다목장,회,4.4,16,"서울 서초구 방배로19길 21 1층
(지번) 방배동 926-1",37.48494542,126.993861,02-597-4311,메뉴 없음,영업시간 월~토 11:30 ~ 22:00 · 휴게시간 월~토 15:00 ~ 17:00
서울갈매기,"육류,고기",4.7,24,"서울 서초구 사평대로55길 133 1층
(지번) 반포동 709-1",37.50962424,127.0200984,02-517-4887,"서울갈매기 (180g) (15,000원), 매콤갈매기 (180g) (15,000원), 돼지왕갈비 (200g) (16,000원), 오돌갈비 (180g) (16,000원), 목살김치찌개 (5,000원), 소갈비살 (150g) (17,000원), 양념갈비살 (150g) (17,000원)",영업시간 매일 16:00 ~ 05:00
산들목전주콩나물국밥 서초본점,국밥,3.1,27,"서울 서초구 반포대로 108 1층
(지번) 서초동 1543-10",37.48980905,127.0090898,02-583-9987,"콩나물국밥 (10,000원), 해물파전 (17,000원)",월요일
쿤쏨차이,태국음식,3.7,163,"서울 서초구 서초대로53길 23 1층
(지번) 서초동 1698-7",37.49619568,127.0143254,02-596-6411,"가오쏘이 뺏양 (26,000원), 커쿠양 (24,000원), 텃만꿍 (13,000원), 똠쌥 (30,000원), 소갈비 쏨차이 태국국밥 (9,000원), 푸 팟 퐁커리 (0원)",영업시간 매일 11:30 ~ 21:30 · 휴게시간 매일 15:00 ~ 17:30
흑산도 홍어 홍연,한식,5,26,"서울 서초구 방배천로 40-2 1층
(지번) 방배동 453-6",37.48013617,126.9827129,02-584-1275,"국내산 홍어삼합 대 (130,000원), 국내산 홍어삼합 중 (100,000원), 국내산 홍어삼합 소 (70,000원), 홍어코스(삼합,무침,찜,탕) 홍어애,미포함 (50,000원), 홍어 사시미 (90,000원), 홍어애(홍어특수부위 포함) (100,000원), 홍어무침 (30,000원), 홍어찜 (30,000원), 홍어탕 (30,000원)",영업시간 월~토 15:00 ~ 23:00
엘리씨커피,카페,4.7,17,"서울 서초구 동광로12가길 3 1층
(지번) 방배동 1423",37.48739794,126.9846978,02-533-5157,메뉴 없음,월~금 08:00 ~ 22:00
샘골참숯불막창구이,"곱창,막창",4,41,"서울 서초구 방배천로16길 21
(지번) 방배동 437-27",37.48221335,126.9839253,02-581-5592,메뉴 없음,영업시간 월~토 15:00 ~ 24:00
텐쿡,"호프,요리주점",4.7,60,"서울 서초구 반포대로19길 9-4 1층
(지번) 서초동 1523-1",37.48716389,127.0088762,02-583-3961,메뉴 없음,영업시간 월~토 16:00 ~ 01:00
더 리버사이드 호텔 중식당 따뚱,중식,4.2,43,"서울 서초구 강남대로107길 6 더리버사이드호텔 2층
(지번) 잠원동 6-1",37.51856901,127.0180842,02-6710-1888,"베이징덕 (108,000원)",영업시간 매일 12:00 ~ 22:00 · 휴게시간 매일 15:00 ~ 18:00
더서초,카페,4,10,"서울 서초구 서초대로40길 91
(지번) 서초동 1538-3",37.48769304,127.0090437,070-5142-4628,"에스프레소 (가격정보 없음), 아메리카노 (가격정보 없음), 바닐라라떼 (가격정보 없음), 카페모카 (가격정보 없음), 콜드브루라떼 (가격정보 없음), 아인슈페너 (가격정보 없음), 카페라떼 (가격정보 없음), 민트초코 (가격정보 없음), 녹차라떼 (가격정보 없음), 초코라떼 (가격정보 없음), 로얄밀크티 (가격정보 없음), 오곡라떼 (가격정보 없음), 로열밀크티 (가격정보 없음), 레몬 (가격정보 없음), 얼그레이 (가격정보 없음), 복숭아에이드 (가격정보 없음), 캐모마일 (가격정보 없음), 생강차 (가격정보 없음), 허니자몽블랙티 (가격정보 없음), 페퍼민트 (가격정보 없음), 딸기에이드 (가격정보 없음), 달고나 (가격정보 없음), 복숭아라떼 (가격정보 없음), 딸기바나나주스 (가격정보 없음), 붕어빵 (가격정보 없음), 마들렌 (가격정보 없음), 아이스티 (가격정보 없음), 카야토스트 (가격정보 없음), 츄러스 (가격정보 없음)",
육품,"육류,고기",3.3,559,"서울 서초구 강남대로65길 12 2층
(지번) 서초동 1308-16",37.50051546,127.0247224,02-6949-6582,메뉴 없음,영업시간 월~금 16:00 ~ 22:30
정고기,"육류,고기",4.9,88,"서울 서초구 강남대로34길 43 2층
(지번) 양재동 8-6",37.48378979,127.03824,010-2671-9249,메뉴 없음,영업시간 월~금 11:30 ~ 23:00 · 휴게시간 월~금 14:00 ~ 17:00
올웨이즈온,커피전문점,4.4,92,"서울 서초구 방배천로8길 16-12 1층
(지번) 방배동 454-3",37.48006888,126.9834122,02-584-7974,"떡볶이 (8,000원), 카야토스트 (8,000원), 애플시나몬 와플 (13,000원), 햄치즈 치아비타 (10,900원), 아메리카노 (4,000원), 카페라떼 (4,500원), 바닐라라떼 (5,000원), 아인슈페너 (6,000원), 그린티라떼 (6,000원), 초코라떼 (6,000원), 밀크티라떼 (6,000원), 캐모마일/페퍼민트/오렌지 레몬그라스/얼그레이/히비스커스 (5,500원), 유자차/자몽차/레몬차/청귤차/오미자유자차/애플시나몬차 (6,000원), 복숭아 아이스티 (5,000원), 요거트 스무디 (6,000원), 밀크셰이크 (6,000원), 자바초코칩 (6,500원), 레몬에이드 (6,500원), 자몽에이드 (6,500원), 오미자유자에이드 (6,500원)",영업시간 매일 11:00 ~ 22:00
장수정육식당,"육류,고기",3.7,33,"서울 서초구 남부순환로 2581-5 1층
(지번) 서초동 1366-3",37.48482304,127.0326504,02-584-9798,메뉴 없음,영업시간 매일 11:00 ~ 22:30
줄라이,양식,4.2,74,"서울 서초구 동광로 164 1층
(지번) 반포동 577-20",37.49472809,126.9999774,02-534-9544,메뉴 없음,"월,일요일"
쿄베이커리 더인피닛카페,디저트카페,3.4,16,"서울 서초구 사평대로58길 6 1층 102~103호
(지번) 서초동 1303-6",37.5034493,127.0234923,02-536-2838,"아메리카노 (4,200원), 카페 라떼 (5,200원), 바닐라 크림 라떼 (6,700원), 말차 라떼 (6,200원), 생딸기라떼 (7,200원), 망고퐁당 히비스커스 (6,700원), 바닐라 라떼 (5,800원), 콜드브루 (5,500원), 콜드브루 라떼 (6,300원), 아이스티 (5,300원), 초코 라떼 (6,200원), 자몽에이드 (5,900원), 애플유자 에이드 (5,900원), 청포도 에이드 (6,200원), 얼그레이 (5,000원), 페퍼민트 (5,000원), 카모마일 (5,000원), 유자 카모마일 (6,000원), 자몽허니블랙 (6,000원), 로얄 골드 밀크티 (6,300원)",매일 07:30 ~ 21:00
스시타노,"초밥,롤",3.8,164,"서울 서초구 동광로 93 테라스빌딩 3층
(지번) 방배동 797-8",37.49374044,126.9924804,02-593-1600,"타노오마카세(카운터)(점심) (70,000원), 타노오마카세(카운터)저녁) (150,000원), 타노오마카세(룸)(점심) (70,000원), 타노오마카세(룸)(저녁) (150,000원), 타노스시코스(점심) (60,000원), 타노스시코스(저녁) (130,000원)",영업시간 매일 12:00 ~ 22:00 · 휴게시간 매일 15:00 ~ 18:00
세시셀라 팩토리점,"제과,베이커리",4.7,56,"서울 서초구 방배로42길 46 2층
(지번) 방배동 796-4",37.49411926,126.990495,02-591-3388,"당근케익 1조각 (9,900원), 아메리카노 (4,500원), 솔티카라멜케익 (9,400원), 당근 홀케이크 (41,900원), 오레오케이크 (9,900원), 솔티카라멜케이크 (9,900원), 황치즈케이크 (9,900원)",월요일
경파중국집,중국요리,4.1,49,"서울 서초구 서운로 226 서초오피스텔 지하1층 5호
(지번) 서초동 1302-1",37.50311265,127.0217781,02-537-5437,"짜장면 (8,000원), 생등심 탕수육 (28,000원), 짬뽕 (11,000원), 차돌짬뽕 (14,000원), 하얀짬뽕 (12,000원), 삼선우동 (11,000원), 고추쟁반짜장(2인) (20,000원), 비빔탄탄면 (12,000원), 불짜장 (9,000원), 마파두부면 (12,000원), 고기튀김 (28,000원), 사천탕수육 (32,000원), 깐풍기 (32,000원), 유린기 (32,000원), 잡탕밥 (18,000원), 유산슬밥 (15,000원), 마파두부밥 (12,000원), 매운가지덮밥 (12,000원), 칠리중새우 (33,000원), 크림중새우 (33,000원)",영업시간 월~토 11:30 ~ 21:00 · 휴게시간 월~토 15:00 ~ 17:00
느린마을양조장 양재본점,"호프,요리주점",3.4,182,"서울 서초구 강남대로27길 7-9 우곡빌딩 지하1층,1층
(지번) 양재동 67-3",37.47894534,127.0379603,02-579-7710,"느린마을막걸리 (10,000원), 모둠부침개 (33,000원), 느린마을수육 (33,000원)",영업시간 월~금 16:00 ~ 24:00
토박이,한식,3.3,24,"서울 서초구 반포대로39길 38 상은빌딩 1층
(지번) 반포동 549-16",37.49846545,127.0019821,02-532-4837,"고추장두부찌개 (9,000원), 국산콩비지 (9,000원), 궁중소고기육전(중) (40,000원), 수제만두전골(중) (35,000원), 곱창전골(중) (45,000원)",영업시간 매일 11:00 ~ 21:30 · 휴게시간 매일 15:00 ~ 17:00
레트로카페트레이더,테마카페,3.7,30,"서울 서초구 효령로 316-1 2층
(지번) 서초동 1443-5",37.48542015,127.0189665,070-8807-6910,"에스프레소 (4,000원), 에스프레소 마끼아또 (4,000원), 에스프레소 꼰빠냐 (4,500원), 아메리카노 (4,000원), 카푸치노 (4,500원), 카페라떼 (4,500원), 바닐라라떼 (두유) (5,000원), 카라멜라떼 (5,000원), 카페모카 (5,000원), 카라멜 마끼아또 (5,000원), 아포가또 (6,000원), 까페깔루아 (알콜) (7,000원), 까페아이리쉬(알콜) (7,000원), 카라멜 프라푸치노 (6,000원), 모카 프라푸치노 (6,000원), 녹차 프라푸치노 (6,000원), 녹차라떼 (5,000원), 핫초코 (4,500원), 핸드드립 (6,000원), 더치커피 (5,000원)",영업시간 매일 11:00 ~ 22:00
천안문,중국요리,4.2,90,"서울 서초구 사평대로55길 42 2층
(지번) 반포동 738",37.50590704,127.022202,02-518-0231,"짜장면 (7,000원), 간짜장 (8,000원), 삼선짜장 (10,000원), 차돌짜장 (11,000원)",월요일
소울버킷,햄버거,4.7,228,"서울 서초구 서초중앙로 75 동궁빌딩 202호
(지번) 서초동 1578-4",37.48850054,127.0142862,070-8839-3314,"순수 새우버거 (9,500원), 소울버킷버거(킹프라운버거) (13,000원), 메이플바베큐 치킨버거 (8,500원), 프레쉬광어 사치버거 (9,500원), 촤 그릴 비프버거 (9,000원), 프레쉬 광어 피쉬엔칩스 (20,000원), 메이플바베큐치킨윙&콘샐러드 (9,500원), 리치비프버거 (11,000원)",영업시간 매일 11:10 ~ 20:30
말죽거리주막,"호프,요리주점",4,12,"서울 서초구 동산로6길 33-1 1층
(지번) 양재동 369",37.4698197,127.0445027,02-571-8848,메뉴 없음,영업시간 매일 17:00 ~ 24:00
해남원조김밥,분식,4.4,83,"서울 서초구 방배로 200 1층
(지번) 방배동 811-16",37.49132694,126.9916781,02-535-6949,"유부김밥 (4,500원), 햄맛살김밥 (5,000원), 참치김밥 (5,500원), 와사비참치 (6,000원), 치즈김밥 (5,500원), 김치김밥 (5,500원), 얼큰이김밥 (5,500원), 모듬김밥 (6,000원), 김치참치김밥 (6,000원)",월요일
미니말레 뢰스터리&커피바,카페,4.8,367,"서울 서초구 반포대로30길 70 우성빌딩 1층
(지번) 서초동 1571-14",37.49243087,127.01233,02-588-7963,"헬싱키 라떼 (시그니처) (4,500원), 브리티시 아인슈페너 (4,500원), 아메리카노 (3,000원)",월~금 08:00 ~ 19:00
누뗀,카페,4.2,521,"서울 서초구 청계산로 119 지하1,2층
(지번) 신원동 489-7",37.45377398,127.0512923,0507-1368-9215,메뉴 없음,"월,화,목,금,토,일 10:30 ~ 19:00"
서초집,"육류,고기",4.2,120,"서울 서초구 서초대로51길 29 헤라피스 1층
(지번) 서초동 1699-4",37.49637993,127.0136533,02-6083-2777,"생 갈비 (400g) (40,000원), 삼각살(180g) (30,000원), 돈마호크(280g) (22,000원), 안심(180g) (22,000원), 마구리살(180g) (22,000원), 가브리살(180g) (30,000원), 갈매기살(180g) (30,000원), 항정살(180g) (30,000원), 목살(180g) (20,000원), 오겹살(180g) (20,000원), 생 껍데기 (9,000원)",영업시간 월~금 11:00 ~ 23:00 · 휴게시간 월~금 15:00 ~ 17:00
정원,"찌개,전골",3.3,12,"서울 서초구 서초대로46길 15 지하1층
(지번) 서초동 1555-1",37.49176505,127.0101359,02-582-0989,"집밥정식 (7,000원), 수제만두전골 (11,000원), 생고기김치전골 (11,000원), 쭈꾸미삼겹 (16,000원), 쭈꾸미철판 (13,000원)",영업시간 월~금 11:00 ~ 21:30 · 휴게시간 월~금 15:00 ~ 17:00
호왕,"육류,고기",4.7,170,"서울 서초구 서초대로 91 1층
(지번) 방배동 872-7",37.48755401,126.9922277,010-9514-8586,메뉴 없음,영업시간 월~토 11:30 ~ 21:30 · 휴게시간 매일 14:30 ~ 17:30